# Blender 4.5.7 LTS
# www.blender.org
o Cube
v -0.577350 -0.577350 0.577350
v -0.577350 0.577350 0.577350
v -0.577350 -0.577350 -0.577350
v -0.577350 0.577350 -0.577350
v 0.577350 -0.577350 0.577350
v 0.577350 0.577350 0.577350
v 0.577350 -0.577350 -0.577350
v 0.577350 0.577350 -0.577350
v -0.601317 -0.601317 -0.526152
v -0.624695 -0.624695 -0.468521
v -0.646762 -0.646762 -0.404226
v -0.666667 -0.666667 -0.333333
v -0.683486 -0.683486 -0.256307
v -0.696311 -0.696311 -0.174078
v -0.704361 -0.704361 -0.088045
v -0.707107 -0.707107 0.000000
v -0.704361 -0.704361 0.088045
v -0.696311 -0.696311 0.174078
v -0.683486 -0.683486 0.256307
v -0.666667 -0.666667 0.333333
v -0.646762 -0.646762 0.404226
v -0.624695 -0.624695 0.468521
v -0.601317 -0.601317 0.526152
v -0.601317 -0.526152 0.601317
v -0.624695 -0.468521 0.624695
v -0.646762 -0.404226 0.646762
v -0.666667 -0.333333 0.666667
v -0.683486 -0.256307 0.683486
v -0.696311 -0.174078 0.696311
v -0.704361 -0.088045 0.704361
v -0.707107 0.000000 0.707107
v -0.704361 0.088045 0.704361
v -0.696311 0.174078 0.696311
v -0.683486 0.256307 0.683486
v -0.666667 0.333333 0.666667
v -0.646762 0.404226 0.646762
v -0.624695 0.468521 0.624695
v -0.601317 0.526152 0.601317
v -0.601317 0.601317 0.526152
v -0.624695 0.624695 0.468521
v -0.646762 0.646762 0.404226
v -0.666667 0.666667 0.333333
v -0.683486 0.683486 0.256307
v -0.696311 0.696311 0.174078
v -0.704361 0.704361 0.088045
v -0.707107 0.707107 0.000000
v -0.704361 0.704361 -0.088045
v -0.696311 0.696311 -0.174078
v -0.683486 0.683486 -0.256307
v -0.666667 0.666667 -0.333333
v -0.646762 0.646762 -0.404226
v -0.624695 0.624695 -0.468521
v -0.601317 0.601317 -0.526152
v -0.601317 0.526152 -0.601317
v -0.624695 0.468521 -0.624695
v -0.646762 0.404226 -0.646762
v -0.666667 0.333333 -0.666667
v -0.683486 0.256307 -0.683486
v -0.696311 0.174078 -0.696311
v -0.704361 0.088045 -0.704361
v -0.707107 0.000000 -0.707107
v -0.704361 -0.088045 -0.704361
v -0.696311 -0.174078 -0.696311
v -0.683486 -0.256307 -0.683486
v -0.666667 -0.333333 -0.666667
v -0.646762 -0.404226 -0.646762
v -0.624695 -0.468521 -0.624695
v -0.601317 -0.526152 -0.601317
v 0.526152 -0.601317 -0.601317
v 0.468521 -0.624695 -0.624695
v 0.404226 -0.646762 -0.646762
v 0.333333 -0.666667 -0.666667
v 0.256307 -0.683486 -0.683486
v 0.174078 -0.696311 -0.696311
v 0.088045 -0.704361 -0.704361
v 0.000000 -0.707107 -0.707107
v -0.088045 -0.704361 -0.704361
v -0.174078 -0.696311 -0.696311
v -0.256307 -0.683486 -0.683486
v -0.333333 -0.666667 -0.666667
v -0.404226 -0.646762 -0.646762
v -0.468521 -0.624695 -0.624695
v -0.526152 -0.601317 -0.601317
v -0.526152 0.601317 -0.601317
v -0.468521 0.624695 -0.624695
v -0.404226 0.646762 -0.646762
v -0.333333 0.666667 -0.666667
v -0.256307 0.683486 -0.683486
v -0.174078 0.696311 -0.696311
v -0.088045 0.704361 -0.704361
v 0.000000 0.707107 -0.707107
v 0.088045 0.704361 -0.704361
v 0.174078 0.696311 -0.696311
v 0.256307 0.683486 -0.683486
v 0.333333 0.666667 -0.666667
v 0.404226 0.646762 -0.646762
v 0.468521 0.624695 -0.624695
v 0.526152 0.601317 -0.601317
v 0.601317 0.526152 -0.601317
v 0.624695 0.468521 -0.624695
v 0.646762 0.404226 -0.646762
v 0.666667 0.333333 -0.666667
v 0.683486 0.256307 -0.683486
v 0.696311 0.174078 -0.696311
v 0.704361 0.088045 -0.704361
v 0.707107 0.000000 -0.707107
v 0.704361 -0.088045 -0.704361
v 0.696311 -0.174078 -0.696311
v 0.683486 -0.256307 -0.683486
v 0.666667 -0.333333 -0.666667
v 0.646762 -0.404226 -0.646762
v 0.624695 -0.468521 -0.624695
v 0.601317 -0.526152 -0.601317
v 0.601317 -0.601317 0.526152
v 0.624695 -0.624695 0.468521
v 0.646762 -0.646762 0.404226
v 0.666667 -0.666667 0.333333
v 0.683486 -0.683486 0.256307
v 0.696311 -0.696311 0.174078
v 0.704361 -0.704361 0.088045
v 0.707107 -0.707107 0.000000
v 0.704361 -0.704361 -0.088045
v 0.696311 -0.696311 -0.174078
v 0.683486 -0.683486 -0.256307
v 0.666667 -0.666667 -0.333333
v 0.646762 -0.646762 -0.404226
v 0.624695 -0.624695 -0.468521
v 0.601317 -0.601317 -0.526152
v 0.601317 0.601317 -0.526152
v 0.624695 0.624695 -0.468521
v 0.646762 0.646762 -0.404226
v 0.666667 0.666667 -0.333333
v 0.683486 0.683486 -0.256307
v 0.696311 0.696311 -0.174078
v 0.704361 0.704361 -0.088045
v 0.707107 0.707107 0.000000
v 0.704361 0.704361 0.088045
v 0.696311 0.696311 0.174078
v 0.683486 0.683486 0.256307
v 0.666667 0.666667 0.333333
v 0.646762 0.646762 0.404226
v 0.624695 0.624695 0.468521
v 0.601317 0.601317 0.526152
v 0.601317 0.526152 0.601317
v 0.624695 0.468521 0.624695
v 0.646762 0.404226 0.646762
v 0.666667 0.333333 0.666667
v 0.683486 0.256307 0.683486
v 0.696311 0.174078 0.696311
v 0.704361 0.088045 0.704361
v 0.707107 0.000000 0.707107
v 0.704361 -0.088045 0.704361
v 0.696311 -0.174078 0.696311
v 0.683486 -0.256307 0.683486
v 0.666667 -0.333333 0.666667
v 0.646762 -0.404226 0.646762
v 0.624695 -0.468521 0.624695
v 0.601317 -0.526152 0.601317
v -0.526152 -0.601317 0.601317
v -0.468521 -0.624695 0.624695
v -0.404226 -0.646762 0.646762
v -0.333333 -0.666667 0.666667
v -0.256307 -0.683486 0.683486
v -0.174078 -0.696311 0.696311
v -0.088045 -0.704361 0.704361
v 0.000000 -0.707107 0.707107
v 0.088045 -0.704361 0.704361
v 0.174078 -0.696311 0.696311
v 0.256307 -0.683486 0.683486
v 0.333333 -0.666667 0.666667
v 0.404226 -0.646762 0.646762
v 0.468521 -0.624695 0.624695
v 0.526152 -0.601317 0.601317
v 0.526152 0.601317 0.601317
v 0.468521 0.624695 0.624695
v 0.404226 0.646762 0.646762
v 0.333333 0.666667 0.666667
v 0.256307 0.683486 0.683486
v 0.174078 0.696311 0.696311
v 0.088045 0.704361 0.704361
v 0.000000 0.707107 0.707107
v -0.088045 0.704361 0.704361
v -0.174078 0.696311 0.696311
v -0.256307 0.683486 0.683486
v -0.333333 0.666667 0.666667
v -0.404226 0.646762 0.646762
v -0.468521 0.624695 0.624695
v -0.526152 0.601317 0.601317
v 0.549972 0.628539 -0.549972
v 0.573462 0.655386 -0.491539
v 0.595880 0.681005 -0.425628
v 0.616316 0.704361 -0.352180
v 0.633750 0.724286 -0.271607
v 0.647150 0.739600 -0.184900
v 0.655610 0.749269 -0.093659
v 0.658505 0.752577 0.000000
v 0.655610 0.749269 0.093659
v 0.647150 0.739600 0.184900
v 0.633750 0.724286 0.271607
v 0.616316 0.704361 0.352180
v 0.595880 0.681005 0.425628
v 0.573462 0.655386 0.491539
v 0.549972 0.628539 0.549972
v 0.491539 0.655386 -0.573462
v 0.514496 0.685994 -0.514496
v 0.536656 0.715542 -0.447214
v 0.557086 0.742781 -0.371391
v 0.574696 0.766261 -0.287348
v 0.588349 0.784465 -0.196116
v 0.597022 0.796030 -0.099504
v 0.600000 0.800000 0.000000
v 0.597022 0.796030 0.099504
v 0.588349 0.784465 0.196116
v 0.574696 0.766261 0.287348
v 0.557086 0.742781 0.371391
v 0.536656 0.715542 0.447214
v 0.514496 0.685994 0.514496
v 0.491539 0.655386 0.573462
v 0.425628 0.681005 -0.595880
v 0.447214 0.715542 -0.536656
v 0.468293 0.749269 -0.468293
v 0.487950 0.780720 -0.390360
v 0.505076 0.808122 -0.303046
v 0.518476 0.829561 -0.207390
v 0.527046 0.843274 -0.105409
v 0.529999 0.847998 0.000000
v 0.527046 0.843274 0.105409
v 0.518476 0.829561 0.207390
v 0.505076 0.808122 0.303046
v 0.487950 0.780720 0.390360
v 0.468293 0.749269 0.468293
v 0.447214 0.715542 0.536656
v 0.425628 0.681005 0.595880
v 0.352180 0.704361 -0.616316
v 0.371391 0.742781 -0.557086
v 0.390360 0.780720 -0.487950
v 0.408248 0.816497 -0.408248
v 0.423999 0.847998 -0.317999
v 0.436436 0.872872 -0.218218
v 0.444445 0.888889 -0.111111
v 0.447214 0.894427 0.000000
v 0.444445 0.888889 0.111111
v 0.436436 0.872872 0.218218
v 0.423999 0.847998 0.317999
v 0.408248 0.816497 0.408248
v 0.390360 0.780720 0.487950
v 0.371391 0.742781 0.557086
v 0.352180 0.704361 0.616316
v 0.271607 0.724286 -0.633750
v 0.287348 0.766261 -0.574696
v 0.303046 0.808122 -0.505076
v 0.317999 0.847998 -0.423999
v 0.331295 0.883452 -0.331295
v 0.341882 0.911685 -0.227921
v 0.348743 0.929981 -0.116248
v 0.351124 0.936329 0.000000
v 0.348743 0.929981 0.116248
v 0.341882 0.911685 0.227921
v 0.331295 0.883452 0.331295
v 0.317999 0.847998 0.423999
v 0.303046 0.808122 0.505076
v 0.287348 0.766261 0.574696
v 0.271607 0.724286 0.633750
v 0.184900 0.739600 -0.647150
v 0.196116 0.784465 -0.588348
v 0.207390 0.829561 -0.518476
v 0.218218 0.872872 -0.436436
v 0.227921 0.911685 -0.341882
v 0.235702 0.942809 -0.235702
v 0.240772 0.963087 -0.120386
v 0.242536 0.970142 0.000000
v 0.240772 0.963087 0.120386
v 0.235702 0.942809 0.235702
v 0.227921 0.911685 0.341882
v 0.218218 0.872872 0.436436
v 0.207390 0.829561 0.518476
v 0.196116 0.784465 0.588348
v 0.184900 0.739600 0.647150
v 0.093659 0.749269 -0.655610
v 0.099504 0.796030 -0.597022
v 0.105409 0.843274 -0.527046
v 0.111111 0.888889 -0.444444
v 0.116248 0.929981 -0.348743
v 0.120386 0.963087 -0.240772
v 0.123092 0.984732 -0.123091
v 0.124035 0.992278 0.000000
v 0.123092 0.984732 0.123091
v 0.120386 0.963087 0.240772
v 0.116248 0.929981 0.348743
v 0.111111 0.888889 0.444444
v 0.105409 0.843274 0.527046
v 0.099504 0.796030 0.597022
v 0.093659 0.749269 0.655610
v 0.000000 0.752577 -0.658505
v 0.000000 0.800000 -0.600000
v 0.000000 0.847998 -0.529999
v 0.000000 0.894427 -0.447214
v 0.000000 0.936329 -0.351123
v 0.000000 0.970142 -0.242536
v 0.000000 0.992278 -0.124035
v 0.000000 1.000000 0.000000
v 0.000000 0.992278 0.124035
v 0.000000 0.970142 0.242536
v 0.000000 0.936329 0.351123
v 0.000000 0.894427 0.447214
v 0.000000 0.847998 0.529999
v 0.000000 0.800000 0.600000
v 0.000000 0.752577 0.658505
v -0.093659 0.749269 -0.655610
v -0.099504 0.796030 -0.597022
v -0.105409 0.843274 -0.527046
v -0.111111 0.888889 -0.444444
v -0.116248 0.929981 -0.348743
v -0.120386 0.963087 -0.240772
v -0.123092 0.984732 -0.123091
v -0.124035 0.992278 0.000000
v -0.123092 0.984732 0.123091
v -0.120386 0.963087 0.240772
v -0.116248 0.929981 0.348743
v -0.111111 0.888889 0.444444
v -0.105409 0.843274 0.527046
v -0.099504 0.796030 0.597022
v -0.093659 0.749269 0.655610
v -0.184900 0.739600 -0.647150
v -0.196116 0.784465 -0.588348
v -0.207390 0.829561 -0.518476
v -0.218218 0.872872 -0.436436
v -0.227921 0.911685 -0.341882
v -0.235702 0.942809 -0.235702
v -0.240772 0.963087 -0.120386
v -0.242536 0.970142 0.000000
v -0.240772 0.963087 0.120386
v -0.235702 0.942809 0.235702
v -0.227921 0.911685 0.341882
v -0.218218 0.872872 0.436436
v -0.207390 0.829561 0.518476
v -0.196116 0.784465 0.588348
v -0.184900 0.739600 0.647150
v -0.271607 0.724286 -0.633750
v -0.287348 0.766261 -0.574696
v -0.303046 0.808122 -0.505076
v -0.317999 0.847998 -0.423999
v -0.331295 0.883452 -0.331295
v -0.341882 0.911685 -0.227921
v -0.348743 0.929981 -0.116248
v -0.351124 0.936329 0.000000
v -0.348743 0.929981 0.116248
v -0.341882 0.911685 0.227921
v -0.331295 0.883452 0.331295
v -0.317999 0.847998 0.423999
v -0.303046 0.808122 0.505076
v -0.287348 0.766261 0.574696
v -0.271607 0.724286 0.633750
v -0.352180 0.704361 -0.616316
v -0.371391 0.742781 -0.557086
v -0.390360 0.780720 -0.487950
v -0.408248 0.816497 -0.408248
v -0.423999 0.847998 -0.317999
v -0.436436 0.872872 -0.218218
v -0.444445 0.888889 -0.111111
v -0.447214 0.894427 0.000000
v -0.444445 0.888889 0.111111
v -0.436436 0.872872 0.218218
v -0.423999 0.847998 0.317999
v -0.408248 0.816497 0.408248
v -0.390360 0.780720 0.487950
v -0.371391 0.742781 0.557086
v -0.352180 0.704361 0.616316
v -0.425628 0.681005 -0.595880
v -0.447214 0.715542 -0.536656
v -0.468293 0.749269 -0.468293
v -0.487950 0.780720 -0.390360
v -0.505076 0.808122 -0.303046
v -0.518476 0.829561 -0.207390
v -0.527046 0.843274 -0.105409
v -0.529999 0.847998 0.000000
v -0.527046 0.843274 0.105409
v -0.518476 0.829561 0.207390
v -0.505076 0.808122 0.303046
v -0.487950 0.780720 0.390360
v -0.468293 0.749269 0.468293
v -0.447214 0.715542 0.536656
v -0.425628 0.681005 0.595880
v -0.491539 0.655386 -0.573462
v -0.514496 0.685994 -0.514496
v -0.536656 0.715542 -0.447214
v -0.557086 0.742781 -0.371391
v -0.574696 0.766261 -0.287348
v -0.588349 0.784465 -0.196116
v -0.597022 0.796030 -0.099504
v -0.600000 0.800000 0.000000
v -0.597022 0.796030 0.099504
v -0.588349 0.784465 0.196116
v -0.574696 0.766261 0.287348
v -0.557086 0.742781 0.371391
v -0.536656 0.715542 0.447214
v -0.514496 0.685994 0.514496
v -0.491539 0.655386 0.573462
v -0.549972 0.628539 -0.549972
v -0.573462 0.655386 -0.491539
v -0.595880 0.681005 -0.425628
v -0.616316 0.704361 -0.352180
v -0.633750 0.724286 -0.271607
v -0.647150 0.739600 -0.184900
v -0.655610 0.749269 -0.093659
v -0.658505 0.752577 0.000000
v -0.655610 0.749269 0.093659
v -0.647150 0.739600 0.184900
v -0.633750 0.724286 0.271607
v -0.616316 0.704361 0.352180
v -0.595880 0.681005 0.425628
v -0.573462 0.655386 0.491539
v -0.549972 0.628539 0.549972
v -0.549972 -0.628539 -0.549972
v -0.573462 -0.655386 -0.491539
v -0.595880 -0.681005 -0.425628
v -0.616316 -0.704361 -0.352180
v -0.633750 -0.724286 -0.271607
v -0.647150 -0.739600 -0.184900
v -0.655610 -0.749269 -0.093659
v -0.658505 -0.752577 0.000000
v -0.655610 -0.749269 0.093659
v -0.647150 -0.739600 0.184900
v -0.633750 -0.724286 0.271607
v -0.616316 -0.704361 0.352180
v -0.595880 -0.681005 0.425628
v -0.573462 -0.655386 0.491539
v -0.549972 -0.628539 0.549972
v -0.491539 -0.655386 -0.573462
v -0.514496 -0.685994 -0.514496
v -0.536656 -0.715542 -0.447214
v -0.557086 -0.742781 -0.371391
v -0.574696 -0.766261 -0.287348
v -0.588349 -0.784465 -0.196116
v -0.597022 -0.796030 -0.099504
v -0.600000 -0.800000 0.000000
v -0.597022 -0.796030 0.099504
v -0.588349 -0.784465 0.196116
v -0.574696 -0.766261 0.287348
v -0.557086 -0.742781 0.371391
v -0.536656 -0.715542 0.447214
v -0.514496 -0.685994 0.514496
v -0.491539 -0.655386 0.573462
v -0.425628 -0.681005 -0.595880
v -0.447214 -0.715542 -0.536656
v -0.468293 -0.749269 -0.468293
v -0.487950 -0.780720 -0.390360
v -0.505076 -0.808122 -0.303046
v -0.518476 -0.829561 -0.207390
v -0.527046 -0.843274 -0.105409
v -0.529999 -0.847998 0.000000
v -0.527046 -0.843274 0.105409
v -0.518476 -0.829561 0.207390
v -0.505076 -0.808122 0.303046
v -0.487950 -0.780720 0.390360
v -0.468293 -0.749269 0.468293
v -0.447214 -0.715542 0.536656
v -0.425628 -0.681005 0.595880
v -0.352180 -0.704361 -0.616316
v -0.371391 -0.742781 -0.557086
v -0.390360 -0.780720 -0.487950
v -0.408248 -0.816497 -0.408248
v -0.423999 -0.847998 -0.317999
v -0.436436 -0.872872 -0.218218
v -0.444445 -0.888889 -0.111111
v -0.447214 -0.894427 0.000000
v -0.444445 -0.888889 0.111111
v -0.436436 -0.872872 0.218218
v -0.423999 -0.847998 0.317999
v -0.408248 -0.816497 0.408248
v -0.390360 -0.780720 0.487950
v -0.371391 -0.742781 0.557086
v -0.352180 -0.704361 0.616316
v -0.271607 -0.724286 -0.633750
v -0.287348 -0.766261 -0.574696
v -0.303046 -0.808122 -0.505076
v -0.317999 -0.847998 -0.423999
v -0.331295 -0.883452 -0.331295
v -0.341882 -0.911685 -0.227921
v -0.348743 -0.929981 -0.116248
v -0.351124 -0.936329 0.000000
v -0.348743 -0.929981 0.116248
v -0.341882 -0.911685 0.227921
v -0.331295 -0.883452 0.331295
v -0.317999 -0.847998 0.423999
v -0.303046 -0.808122 0.505076
v -0.287348 -0.766261 0.574696
v -0.271607 -0.724286 0.633750
v -0.184900 -0.739600 -0.647150
v -0.196116 -0.784465 -0.588348
v -0.207390 -0.829561 -0.518476
v -0.218218 -0.872872 -0.436436
v -0.227921 -0.911685 -0.341882
v -0.235702 -0.942809 -0.235702
v -0.240772 -0.963087 -0.120386
v -0.242536 -0.970142 0.000000
v -0.240772 -0.963087 0.120386
v -0.235702 -0.942809 0.235702
v -0.227921 -0.911685 0.341882
v -0.218218 -0.872872 0.436436
v -0.207390 -0.829561 0.518476
v -0.196116 -0.784465 0.588348
v -0.184900 -0.739600 0.647150
v -0.093659 -0.749269 -0.655610
v -0.099504 -0.796030 -0.597022
v -0.105409 -0.843274 -0.527046
v -0.111111 -0.888889 -0.444444
v -0.116248 -0.929981 -0.348743
v -0.120386 -0.963087 -0.240772
v -0.123092 -0.984732 -0.123091
v -0.124035 -0.992278 0.000000
v -0.123092 -0.984732 0.123091
v -0.120386 -0.963087 0.240772
v -0.116248 -0.929981 0.348743
v -0.111111 -0.888889 0.444444
v -0.105409 -0.843274 0.527046
v -0.099504 -0.796030 0.597022
v -0.093659 -0.749269 0.655610
v 0.000000 -0.752577 -0.658505
v 0.000000 -0.800000 -0.600000
v 0.000000 -0.847998 -0.529999
v 0.000000 -0.894427 -0.447214
v 0.000000 -0.936329 -0.351123
v 0.000000 -0.970142 -0.242536
v 0.000000 -0.992278 -0.124035
v 0.000000 -1.000000 0.000000
v 0.000000 -0.992278 0.124035
v 0.000000 -0.970142 0.242536
v 0.000000 -0.936329 0.351123
v 0.000000 -0.894427 0.447214
v 0.000000 -0.847998 0.529999
v 0.000000 -0.800000 0.600000
v 0.000000 -0.752577 0.658505
v 0.093659 -0.749269 -0.655610
v 0.099504 -0.796030 -0.597022
v 0.105409 -0.843274 -0.527046
v 0.111111 -0.888889 -0.444444
v 0.116248 -0.929981 -0.348743
v 0.120386 -0.963087 -0.240772
v 0.123092 -0.984732 -0.123091
v 0.124035 -0.992278 0.000000
v 0.123092 -0.984732 0.123091
v 0.120386 -0.963087 0.240772
v 0.116248 -0.929981 0.348743
v 0.111111 -0.888889 0.444444
v 0.105409 -0.843274 0.527046
v 0.099504 -0.796030 0.597022
v 0.093659 -0.749269 0.655610
v 0.184900 -0.739600 -0.647150
v 0.196116 -0.784465 -0.588348
v 0.207390 -0.829561 -0.518476
v 0.218218 -0.872872 -0.436436
v 0.227921 -0.911685 -0.341882
v 0.235702 -0.942809 -0.235702
v 0.240772 -0.963087 -0.120386
v 0.242536 -0.970142 0.000000
v 0.240772 -0.963087 0.120386
v 0.235702 -0.942809 0.235702
v 0.227921 -0.911685 0.341882
v 0.218218 -0.872872 0.436436
v 0.207390 -0.829561 0.518476
v 0.196116 -0.784465 0.588348
v 0.184900 -0.739600 0.647150
v 0.271607 -0.724286 -0.633750
v 0.287348 -0.766261 -0.574696
v 0.303046 -0.808122 -0.505076
v 0.317999 -0.847998 -0.423999
v 0.331295 -0.883452 -0.331295
v 0.341882 -0.911685 -0.227921
v 0.348743 -0.929981 -0.116248
v 0.351124 -0.936329 0.000000
v 0.348743 -0.929981 0.116248
v 0.341882 -0.911685 0.227921
v 0.331295 -0.883452 0.331295
v 0.317999 -0.847998 0.423999
v 0.303046 -0.808122 0.505076
v 0.287348 -0.766261 0.574696
v 0.271607 -0.724286 0.633750
v 0.352180 -0.704361 -0.616316
v 0.371391 -0.742781 -0.557086
v 0.390360 -0.780720 -0.487950
v 0.408248 -0.816497 -0.408248
v 0.423999 -0.847998 -0.317999
v 0.436436 -0.872872 -0.218218
v 0.444445 -0.888889 -0.111111
v 0.447214 -0.894427 0.000000
v 0.444445 -0.888889 0.111111
v 0.436436 -0.872872 0.218218
v 0.423999 -0.847998 0.317999
v 0.408248 -0.816497 0.408248
v 0.390360 -0.780720 0.487950
v 0.371391 -0.742781 0.557086
v 0.352180 -0.704361 0.616316
v 0.425628 -0.681005 -0.595880
v 0.447214 -0.715542 -0.536656
v 0.468293 -0.749269 -0.468293
v 0.487950 -0.780720 -0.390360
v 0.505076 -0.808122 -0.303046
v 0.518476 -0.829561 -0.207390
v 0.527046 -0.843274 -0.105409
v 0.529999 -0.847998 0.000000
v 0.527046 -0.843274 0.105409
v 0.518476 -0.829561 0.207390
v 0.505076 -0.808122 0.303046
v 0.487950 -0.780720 0.390360
v 0.468293 -0.749269 0.468293
v 0.447214 -0.715542 0.536656
v 0.425628 -0.681005 0.595880
v 0.491539 -0.655386 -0.573462
v 0.514496 -0.685994 -0.514496
v 0.536656 -0.715542 -0.447214
v 0.557086 -0.742781 -0.371391
v 0.574696 -0.766261 -0.287348
v 0.588349 -0.784465 -0.196116
v 0.597022 -0.796030 -0.099504
v 0.600000 -0.800000 0.000000
v 0.597022 -0.796030 0.099504
v 0.588349 -0.784465 0.196116
v 0.574696 -0.766261 0.287348
v 0.557086 -0.742781 0.371391
v 0.536656 -0.715542 0.447214
v 0.514496 -0.685994 0.514496
v 0.491539 -0.655386 0.573462
v 0.549972 -0.628539 -0.549972
v 0.573462 -0.655386 -0.491539
v 0.595880 -0.681005 -0.425628
v 0.616316 -0.704361 -0.352180
v 0.633750 -0.724286 -0.271607
v 0.647150 -0.739600 -0.184900
v 0.655610 -0.749269 -0.093659
v 0.658505 -0.752577 0.000000
v 0.655610 -0.749269 0.093659
v 0.647150 -0.739600 0.184900
v 0.633750 -0.724286 0.271607
v 0.616316 -0.704361 0.352180
v 0.595880 -0.681005 0.425628
v 0.573462 -0.655386 0.491539
v 0.549972 -0.628539 0.549972
v 0.549972 -0.549972 0.628539
v 0.491539 -0.573462 0.655386
v 0.425628 -0.595880 0.681005
v 0.352180 -0.616316 0.704361
v 0.271607 -0.633750 0.724286
v 0.184900 -0.647150 0.739600
v 0.093659 -0.655610 0.749269
v 0.000000 -0.658505 0.752577
v -0.093659 -0.655610 0.749269
v -0.184900 -0.647150 0.739600
v -0.271607 -0.633750 0.724286
v -0.352180 -0.616316 0.704361
v -0.425628 -0.595880 0.681005
v -0.491539 -0.573462 0.655386
v -0.549972 -0.549972 0.628539
v 0.573462 -0.491539 0.655386
v 0.514496 -0.514496 0.685994
v 0.447214 -0.536656 0.715542
v 0.371391 -0.557086 0.742781
v 0.287348 -0.574696 0.766261
v 0.196116 -0.588348 0.784465
v 0.099504 -0.597022 0.796030
v 0.000000 -0.600000 0.800000
v -0.099504 -0.597022 0.796030
v -0.196116 -0.588348 0.784465
v -0.287348 -0.574696 0.766261
v -0.371391 -0.557086 0.742781
v -0.447214 -0.536656 0.715542
v -0.514496 -0.514496 0.685994
v -0.573462 -0.491539 0.655386
v 0.595880 -0.425628 0.681005
v 0.536656 -0.447214 0.715542
v 0.468293 -0.468293 0.749269
v 0.390360 -0.487950 0.780720
v 0.303046 -0.505076 0.808122
v 0.207390 -0.518476 0.829561
v 0.105409 -0.527046 0.843274
v 0.000000 -0.529999 0.847998
v -0.105409 -0.527046 0.843274
v -0.207390 -0.518476 0.829561
v -0.303046 -0.505076 0.808122
v -0.390360 -0.487950 0.780720
v -0.468293 -0.468293 0.749269
v -0.536656 -0.447214 0.715542
v -0.595880 -0.425628 0.681005
v 0.616316 -0.352180 0.704361
v 0.557086 -0.371391 0.742781
v 0.487950 -0.390360 0.780720
v 0.408248 -0.408248 0.816497
v 0.317999 -0.423999 0.847998
v 0.218218 -0.436436 0.872872
v 0.111111 -0.444444 0.888889
v 0.000000 -0.447214 0.894427
v -0.111111 -0.444444 0.888889
v -0.218218 -0.436436 0.872872
v -0.317999 -0.423999 0.847998
v -0.408248 -0.408248 0.816497
v -0.487950 -0.390360 0.780720
v -0.557086 -0.371391 0.742781
v -0.616316 -0.352180 0.704361
v 0.633750 -0.271607 0.724286
v 0.574696 -0.287348 0.766261
v 0.505076 -0.303046 0.808122
v 0.423999 -0.317999 0.847998
v 0.331295 -0.331295 0.883452
v 0.227921 -0.341882 0.911685
v 0.116248 -0.348743 0.929981
v 0.000000 -0.351123 0.936329
v -0.116248 -0.348743 0.929981
v -0.227921 -0.341882 0.911685
v -0.331295 -0.331295 0.883452
v -0.423999 -0.317999 0.847998
v -0.505076 -0.303046 0.808122
v -0.574696 -0.287348 0.766261
v -0.633750 -0.271607 0.724286
v 0.647150 -0.184900 0.739600
v 0.588349 -0.196116 0.784465
v 0.518476 -0.207390 0.829561
v 0.436436 -0.218218 0.872872
v 0.341882 -0.227921 0.911685
v 0.235702 -0.235702 0.942809
v 0.120386 -0.240772 0.963087
v 0.000000 -0.242536 0.970142
v -0.120386 -0.240772 0.963087
v -0.235702 -0.235702 0.942809
v -0.341882 -0.227921 0.911685
v -0.436436 -0.218218 0.872872
v -0.518476 -0.207390 0.829561
v -0.588349 -0.196116 0.784465
v -0.647150 -0.184900 0.739600
v 0.655610 -0.093659 0.749269
v 0.597022 -0.099504 0.796030
v 0.527046 -0.105409 0.843274
v 0.444445 -0.111111 0.888889
v 0.348743 -0.116248 0.929981
v 0.240772 -0.120386 0.963087
v 0.123092 -0.123091 0.984732
v 0.000000 -0.124035 0.992278
v -0.123092 -0.123091 0.984732
v -0.240772 -0.120386 0.963087
v -0.348743 -0.116248 0.929981
v -0.444445 -0.111111 0.888889
v -0.527046 -0.105409 0.843274
v -0.597022 -0.099504 0.796030
v -0.655610 -0.093659 0.749269
v 0.658505 0.000000 0.752577
v 0.600000 0.000000 0.800000
v 0.529999 0.000000 0.847998
v 0.447214 0.000000 0.894427
v 0.351124 0.000000 0.936329
v 0.242536 0.000000 0.970142
v 0.124035 0.000000 0.992278
v 0.000000 0.000000 1.000000
v -0.124035 0.000000 0.992278
v -0.242536 0.000000 0.970142
v -0.351124 0.000000 0.936329
v -0.447214 0.000000 0.894427
v -0.529999 0.000000 0.847998
v -0.600000 0.000000 0.800000
v -0.658505 0.000000 0.752577
v 0.655610 0.093659 0.749269
v 0.597022 0.099504 0.796030
v 0.527046 0.105409 0.843274
v 0.444445 0.111111 0.888889
v 0.348743 0.116248 0.929981
v 0.240772 0.120386 0.963087
v 0.123092 0.123091 0.984732
v 0.000000 0.124035 0.992278
v -0.123092 0.123091 0.984732
v -0.240772 0.120386 0.963087
v -0.348743 0.116248 0.929981
v -0.444445 0.111111 0.888889
v -0.527046 0.105409 0.843274
v -0.597022 0.099504 0.796030
v -0.655610 0.093659 0.749269
v 0.647150 0.184900 0.739600
v 0.588349 0.196116 0.784465
v 0.518476 0.207390 0.829561
v 0.436436 0.218218 0.872872
v 0.341882 0.227921 0.911685
v 0.235702 0.235702 0.942809
v 0.120386 0.240772 0.963087
v 0.000000 0.242536 0.970142
v -0.120386 0.240772 0.963087
v -0.235702 0.235702 0.942809
v -0.341882 0.227921 0.911685
v -0.436436 0.218218 0.872872
v -0.518476 0.207390 0.829561
v -0.588349 0.196116 0.784465
v -0.647150 0.184900 0.739600
v 0.633750 0.271607 0.724286
v 0.574696 0.287348 0.766261
v 0.505076 0.303046 0.808122
v 0.423999 0.317999 0.847998
v 0.331295 0.331295 0.883452
v 0.227921 0.341882 0.911685
v 0.116248 0.348743 0.929981
v 0.000000 0.351123 0.936329
v -0.116248 0.348743 0.929981
v -0.227921 0.341882 0.911685
v -0.331295 0.331295 0.883452
v -0.423999 0.317999 0.847998
v -0.505076 0.303046 0.808122
v -0.574696 0.287348 0.766261
v -0.633750 0.271607 0.724286
v 0.616316 0.352180 0.704361
v 0.557086 0.371391 0.742781
v 0.487950 0.390360 0.780720
v 0.408248 0.408248 0.816497
v 0.317999 0.423999 0.847998
v 0.218218 0.436436 0.872872
v 0.111111 0.444444 0.888889
v 0.000000 0.447214 0.894427
v -0.111111 0.444444 0.888889
v -0.218218 0.436436 0.872872
v -0.317999 0.423999 0.847998
v -0.408248 0.408248 0.816497
v -0.487950 0.390360 0.780720
v -0.557086 0.371391 0.742781
v -0.616316 0.352180 0.704361
v 0.595880 0.425628 0.681005
v 0.536656 0.447214 0.715542
v 0.468293 0.468293 0.749269
v 0.390360 0.487950 0.780720
v 0.303046 0.505076 0.808122
v 0.207390 0.518476 0.829561
v 0.105409 0.527046 0.843274
v 0.000000 0.529999 0.847998
v -0.105409 0.527046 0.843274
v -0.207390 0.518476 0.829561
v -0.303046 0.505076 0.808122
v -0.390360 0.487950 0.780720
v -0.468293 0.468293 0.749269
v -0.536656 0.447214 0.715542
v -0.595880 0.425628 0.681005
v 0.573462 0.491539 0.655386
v 0.514496 0.514496 0.685994
v 0.447214 0.536656 0.715542
v 0.371391 0.557086 0.742781
v 0.287348 0.574696 0.766261
v 0.196116 0.588348 0.784465
v 0.099504 0.597022 0.796030
v 0.000000 0.600000 0.800000
v -0.099504 0.597022 0.796030
v -0.196116 0.588348 0.784465
v -0.287348 0.574696 0.766261
v -0.371391 0.557086 0.742781
v -0.447214 0.536656 0.715542
v -0.514496 0.514496 0.685994
v -0.573462 0.491539 0.655386
v 0.549972 0.549972 0.628539
v 0.491539 0.573462 0.655386
v 0.425628 0.595880 0.681005
v 0.352180 0.616316 0.704361
v 0.271607 0.633750 0.724286
v 0.184900 0.647150 0.739600
v 0.093659 0.655610 0.749269
v 0.000000 0.658505 0.752577
v -0.093659 0.655610 0.749269
v -0.184900 0.647150 0.739600
v -0.271607 0.633750 0.724286
v -0.352180 0.616316 0.704361
v -0.425628 0.595880 0.681005
v -0.491539 0.573462 0.655386
v -0.549972 0.549972 0.628539
v 0.628539 -0.549972 -0.549972
v 0.655386 -0.573462 -0.491539
v 0.681005 -0.595880 -0.425628
v 0.704361 -0.616316 -0.352180
v 0.724286 -0.633750 -0.271607
v 0.739600 -0.647150 -0.184900
v 0.749269 -0.655610 -0.093659
v 0.752577 -0.658505 0.000000
v 0.749269 -0.655610 0.093659
v 0.739600 -0.647150 0.184900
v 0.724286 -0.633750 0.271607
v 0.704361 -0.616316 0.352180
v 0.681005 -0.595880 0.425628
v 0.655386 -0.573462 0.491539
v 0.628539 -0.549972 0.549972
v 0.655386 -0.491539 -0.573462
v 0.685995 -0.514496 -0.514496
v 0.715542 -0.536656 -0.447214
v 0.742782 -0.557086 -0.371391
v 0.766261 -0.574696 -0.287348
v 0.784465 -0.588348 -0.196116
v 0.796030 -0.597022 -0.099504
v 0.800000 -0.600000 0.000000
v 0.796030 -0.597022 0.099504
v 0.784465 -0.588348 0.196116
v 0.766261 -0.574696 0.287348
v 0.742782 -0.557086 0.371391
v 0.715542 -0.536656 0.447214
v 0.685995 -0.514496 0.514496
v 0.655386 -0.491539 0.573462
v 0.681005 -0.425628 -0.595880
v 0.715542 -0.447214 -0.536656
v 0.749269 -0.468293 -0.468293
v 0.780720 -0.487950 -0.390360
v 0.808122 -0.505076 -0.303046
v 0.829562 -0.518476 -0.207390
v 0.843274 -0.527046 -0.105409
v 0.847998 -0.529999 0.000000
v 0.843274 -0.527046 0.105409
v 0.829562 -0.518476 0.207390
v 0.808122 -0.505076 0.303046
v 0.780720 -0.487950 0.390360
v 0.749269 -0.468293 0.468293
v 0.715542 -0.447214 0.536656
v 0.681005 -0.425628 0.595880
v 0.704361 -0.352180 -0.616316
v 0.742782 -0.371391 -0.557086
v 0.780720 -0.390360 -0.487950
v 0.816497 -0.408248 -0.408248
v 0.847998 -0.423999 -0.317999
v 0.872872 -0.436436 -0.218218
v 0.888889 -0.444444 -0.111111
v 0.894427 -0.447214 0.000000
v 0.888889 -0.444444 0.111111
v 0.872872 -0.436436 0.218218
v 0.847998 -0.423999 0.317999
v 0.816497 -0.408248 0.408248
v 0.780720 -0.390360 0.487950
v 0.742782 -0.371391 0.557086
v 0.704361 -0.352180 0.616316
v 0.724286 -0.271607 -0.633750
v 0.766261 -0.287348 -0.574696
v 0.808122 -0.303046 -0.505076
v 0.847998 -0.317999 -0.423999
v 0.883452 -0.331295 -0.331295
v 0.911685 -0.341882 -0.227921
v 0.929981 -0.348743 -0.116248
v 0.936329 -0.351123 0.000000
v 0.929981 -0.348743 0.116248
v 0.911685 -0.341882 0.227921
v 0.883452 -0.331295 0.331295
v 0.847998 -0.317999 0.423999
v 0.808122 -0.303046 0.505076
v 0.766261 -0.287348 0.574696
v 0.724286 -0.271607 0.633750
v 0.739600 -0.184900 -0.647150
v 0.784465 -0.196116 -0.588348
v 0.829562 -0.207390 -0.518476
v 0.872872 -0.218218 -0.436436
v 0.911685 -0.227921 -0.341882
v 0.942809 -0.235702 -0.235702
v 0.963087 -0.240772 -0.120386
v 0.970143 -0.242536 0.000000
v 0.963087 -0.240772 0.120386
v 0.942809 -0.235702 0.235702
v 0.911685 -0.227921 0.341882
v 0.872872 -0.218218 0.436436
v 0.829562 -0.207390 0.518476
v 0.784465 -0.196116 0.588348
v 0.739600 -0.184900 0.647150
v 0.749269 -0.093659 -0.655610
v 0.796030 -0.099504 -0.597022
v 0.843274 -0.105409 -0.527046
v 0.888889 -0.111111 -0.444444
v 0.929981 -0.116248 -0.348743
v 0.963087 -0.120386 -0.240772
v 0.984732 -0.123091 -0.123091
v 0.992278 -0.124035 0.000000
v 0.984732 -0.123091 0.123091
v 0.963087 -0.120386 0.240772
v 0.929981 -0.116248 0.348743
v 0.888889 -0.111111 0.444444
v 0.843274 -0.105409 0.527046
v 0.796030 -0.099504 0.597022
v 0.749269 -0.093659 0.655610
v 0.752577 0.000000 -0.658505
v 0.800000 0.000000 -0.600000
v 0.847998 0.000000 -0.529999
v 0.894427 0.000000 -0.447214
v 0.936329 0.000000 -0.351123
v 0.970143 0.000000 -0.242536
v 0.992278 0.000000 -0.124035
v 1.000000 0.000000 0.000000
v 0.992278 0.000000 0.124035
v 0.970143 0.000000 0.242536
v 0.936329 0.000000 0.351123
v 0.894427 0.000000 0.447214
v 0.847998 0.000000 0.529999
v 0.800000 0.000000 0.600000
v 0.752577 0.000000 0.658505
v 0.749269 0.093659 -0.655610
v 0.796030 0.099504 -0.597022
v 0.843274 0.105409 -0.527046
v 0.888889 0.111111 -0.444444
v 0.929981 0.116248 -0.348743
v 0.963087 0.120386 -0.240772
v 0.984732 0.123091 -0.123091
v 0.992278 0.124035 0.000000
v 0.984732 0.123091 0.123091
v 0.963087 0.120386 0.240772
v 0.929981 0.116248 0.348743
v 0.888889 0.111111 0.444444
v 0.843274 0.105409 0.527046
v 0.796030 0.099504 0.597022
v 0.749269 0.093659 0.655610
v 0.739600 0.184900 -0.647150
v 0.784465 0.196116 -0.588348
v 0.829562 0.207390 -0.518476
v 0.872872 0.218218 -0.436436
v 0.911685 0.227921 -0.341882
v 0.942809 0.235702 -0.235702
v 0.963087 0.240772 -0.120386
v 0.970143 0.242536 0.000000
v 0.963087 0.240772 0.120386
v 0.942809 0.235702 0.235702
v 0.911685 0.227921 0.341882
v 0.872872 0.218218 0.436436
v 0.829562 0.207390 0.518476
v 0.784465 0.196116 0.588348
v 0.739600 0.184900 0.647150
v 0.724286 0.271607 -0.633750
v 0.766261 0.287348 -0.574696
v 0.808122 0.303046 -0.505076
v 0.847998 0.317999 -0.423999
v 0.883452 0.331295 -0.331295
v 0.911685 0.341882 -0.227921
v 0.929981 0.348743 -0.116248
v 0.936329 0.351123 0.000000
v 0.929981 0.348743 0.116248
v 0.911685 0.341882 0.227921
v 0.883452 0.331295 0.331295
v 0.847998 0.317999 0.423999
v 0.808122 0.303046 0.505076
v 0.766261 0.287348 0.574696
v 0.724286 0.271607 0.633750
v 0.704361 0.352180 -0.616316
v 0.742782 0.371391 -0.557086
v 0.780720 0.390360 -0.487950
v 0.816497 0.408248 -0.408248
v 0.847998 0.423999 -0.317999
v 0.872872 0.436436 -0.218218
v 0.888889 0.444444 -0.111111
v 0.894427 0.447214 0.000000
v 0.888889 0.444444 0.111111
v 0.872872 0.436436 0.218218
v 0.847998 0.423999 0.317999
v 0.816497 0.408248 0.408248
v 0.780720 0.390360 0.487950
v 0.742782 0.371391 0.557086
v 0.704361 0.352180 0.616316
v 0.681005 0.425628 -0.595880
v 0.715542 0.447214 -0.536656
v 0.749269 0.468293 -0.468293
v 0.780720 0.487950 -0.390360
v 0.808122 0.505076 -0.303046
v 0.829562 0.518476 -0.207390
v 0.843274 0.527046 -0.105409
v 0.847998 0.529999 0.000000
v 0.843274 0.527046 0.105409
v 0.829562 0.518476 0.207390
v 0.808122 0.505076 0.303046
v 0.780720 0.487950 0.390360
v 0.749269 0.468293 0.468293
v 0.715542 0.447214 0.536656
v 0.681005 0.425628 0.595880
v 0.655386 0.491539 -0.573462
v 0.685995 0.514496 -0.514496
v 0.715542 0.536656 -0.447214
v 0.742782 0.557086 -0.371391
v 0.766261 0.574696 -0.287348
v 0.784465 0.588348 -0.196116
v 0.796030 0.597022 -0.099504
v 0.800000 0.600000 0.000000
v 0.796030 0.597022 0.099504
v 0.784465 0.588348 0.196116
v 0.766261 0.574696 0.287348
v 0.742782 0.557086 0.371391
v 0.715542 0.536656 0.447214
v 0.685995 0.514496 0.514496
v 0.655386 0.491539 0.573462
v 0.628539 0.549972 -0.549972
v 0.655386 0.573462 -0.491539
v 0.681005 0.595880 -0.425628
v 0.704361 0.616316 -0.352180
v 0.724286 0.633750 -0.271607
v 0.739600 0.647150 -0.184900
v 0.749269 0.655610 -0.093659
v 0.752577 0.658505 0.000000
v 0.749269 0.655610 0.093659
v 0.739600 0.647150 0.184900
v 0.724286 0.633750 0.271607
v 0.704361 0.616316 0.352180
v 0.681005 0.595880 0.425628
v 0.655386 0.573462 0.491539
v 0.628539 0.549972 0.549972
v -0.549972 -0.549972 -0.628539
v -0.491539 -0.573462 -0.655386
v -0.425628 -0.595880 -0.681005
v -0.352180 -0.616316 -0.704361
v -0.271607 -0.633750 -0.724286
v -0.184900 -0.647150 -0.739600
v -0.093659 -0.655610 -0.749269
v 0.000000 -0.658505 -0.752577
v 0.093659 -0.655610 -0.749269
v 0.184900 -0.647150 -0.739600
v 0.271607 -0.633750 -0.724286
v 0.352180 -0.616316 -0.704361
v 0.425628 -0.595880 -0.681005
v 0.491539 -0.573462 -0.655386
v 0.549972 -0.549972 -0.628539
v -0.573462 -0.491539 -0.655386
v -0.514496 -0.514496 -0.685994
v -0.447214 -0.536656 -0.715542
v -0.371391 -0.557086 -0.742781
v -0.287348 -0.574696 -0.766261
v -0.196116 -0.588348 -0.784465
v -0.099504 -0.597022 -0.796030
v 0.000000 -0.600000 -0.800000
v 0.099504 -0.597022 -0.796030
v 0.196116 -0.588348 -0.784465
v 0.287348 -0.574696 -0.766261
v 0.371391 -0.557086 -0.742781
v 0.447214 -0.536656 -0.715542
v 0.514496 -0.514496 -0.685994
v 0.573462 -0.491539 -0.655386
v -0.595880 -0.425628 -0.681005
v -0.536656 -0.447214 -0.715542
v -0.468293 -0.468293 -0.749269
v -0.390360 -0.487950 -0.780720
v -0.303046 -0.505076 -0.808122
v -0.207390 -0.518476 -0.829561
v -0.105409 -0.527046 -0.843274
v 0.000000 -0.529999 -0.847998
v 0.105409 -0.527046 -0.843274
v 0.207390 -0.518476 -0.829561
v 0.303046 -0.505076 -0.808122
v 0.390360 -0.487950 -0.780720
v 0.468293 -0.468293 -0.749269
v 0.536656 -0.447214 -0.715542
v 0.595880 -0.425628 -0.681005
v -0.616316 -0.352180 -0.704361
v -0.557086 -0.371391 -0.742781
v -0.487950 -0.390360 -0.780720
v -0.408248 -0.408248 -0.816497
v -0.317999 -0.423999 -0.847998
v -0.218218 -0.436436 -0.872872
v -0.111111 -0.444444 -0.888889
v 0.000000 -0.447214 -0.894427
v 0.111111 -0.444444 -0.888889
v 0.218218 -0.436436 -0.872872
v 0.317999 -0.423999 -0.847998
v 0.408248 -0.408248 -0.816497
v 0.487950 -0.390360 -0.780720
v 0.557086 -0.371391 -0.742781
v 0.616316 -0.352180 -0.704361
v -0.633750 -0.271607 -0.724286
v -0.574696 -0.287348 -0.766261
v -0.505076 -0.303046 -0.808122
v -0.423999 -0.317999 -0.847998
v -0.331295 -0.331295 -0.883452
v -0.227921 -0.341882 -0.911685
v -0.116248 -0.348743 -0.929981
v 0.000000 -0.351123 -0.936329
v 0.116248 -0.348743 -0.929981
v 0.227921 -0.341882 -0.911685
v 0.331295 -0.331295 -0.883452
v 0.423999 -0.317999 -0.847998
v 0.505076 -0.303046 -0.808122
v 0.574696 -0.287348 -0.766261
v 0.633750 -0.271607 -0.724286
v -0.647150 -0.184900 -0.739600
v -0.588349 -0.196116 -0.784465
v -0.518476 -0.207390 -0.829561
v -0.436436 -0.218218 -0.872872
v -0.341882 -0.227921 -0.911685
v -0.235702 -0.235702 -0.942809
v -0.120386 -0.240772 -0.963087
v 0.000000 -0.242536 -0.970142
v 0.120386 -0.240772 -0.963087
v 0.235702 -0.235702 -0.942809
v 0.341882 -0.227921 -0.911685
v 0.436436 -0.218218 -0.872872
v 0.518476 -0.207390 -0.829561
v 0.588349 -0.196116 -0.784465
v 0.647150 -0.184900 -0.739600
v -0.655610 -0.093659 -0.749269
v -0.597022 -0.099504 -0.796030
v -0.527046 -0.105409 -0.843274
v -0.444445 -0.111111 -0.888889
v -0.348743 -0.116248 -0.929981
v -0.240772 -0.120386 -0.963087
v -0.123092 -0.123091 -0.984732
v 0.000000 -0.124035 -0.992278
v 0.123092 -0.123091 -0.984732
v 0.240772 -0.120386 -0.963087
v 0.348743 -0.116248 -0.929981
v 0.444445 -0.111111 -0.888889
v 0.527046 -0.105409 -0.843274
v 0.597022 -0.099504 -0.796030
v 0.655610 -0.093659 -0.749269
v -0.658505 0.000000 -0.752577
v -0.600000 0.000000 -0.800000
v -0.529999 0.000000 -0.847998
v -0.447214 0.000000 -0.894427
v -0.351124 0.000000 -0.936329
v -0.242536 0.000000 -0.970142
v -0.124035 0.000000 -0.992278
v 0.000000 0.000000 -1.000000
v 0.124035 0.000000 -0.992278
v 0.242536 0.000000 -0.970142
v 0.351124 0.000000 -0.936329
v 0.447214 0.000000 -0.894427
v 0.529999 0.000000 -0.847998
v 0.600000 0.000000 -0.800000
v 0.658505 0.000000 -0.752577
v -0.655610 0.093659 -0.749269
v -0.597022 0.099504 -0.796030
v -0.527046 0.105409 -0.843274
v -0.444445 0.111111 -0.888889
v -0.348743 0.116248 -0.929981
v -0.240772 0.120386 -0.963087
v -0.123092 0.123091 -0.984732
v 0.000000 0.124035 -0.992278
v 0.123092 0.123091 -0.984732
v 0.240772 0.120386 -0.963087
v 0.348743 0.116248 -0.929981
v 0.444445 0.111111 -0.888889
v 0.527046 0.105409 -0.843274
v 0.597022 0.099504 -0.796030
v 0.655610 0.093659 -0.749269
v -0.647150 0.184900 -0.739600
v -0.588349 0.196116 -0.784465
v -0.518476 0.207390 -0.829561
v -0.436436 0.218218 -0.872872
v -0.341882 0.227921 -0.911685
v -0.235702 0.235702 -0.942809
v -0.120386 0.240772 -0.963087
v 0.000000 0.242536 -0.970142
v 0.120386 0.240772 -0.963087
v 0.235702 0.235702 -0.942809
v 0.341882 0.227921 -0.911685
v 0.436436 0.218218 -0.872872
v 0.518476 0.207390 -0.829561
v 0.588349 0.196116 -0.784465
v 0.647150 0.184900 -0.739600
v -0.633750 0.271607 -0.724286
v -0.574696 0.287348 -0.766261
v -0.505076 0.303046 -0.808122
v -0.423999 0.317999 -0.847998
v -0.331295 0.331295 -0.883452
v -0.227921 0.341882 -0.911685
v -0.116248 0.348743 -0.929981
v 0.000000 0.351123 -0.936329
v 0.116248 0.348743 -0.929981
v 0.227921 0.341882 -0.911685
v 0.331295 0.331295 -0.883452
v 0.423999 0.317999 -0.847998
v 0.505076 0.303046 -0.808122
v 0.574696 0.287348 -0.766261
v 0.633750 0.271607 -0.724286
v -0.616316 0.352180 -0.704361
v -0.557086 0.371391 -0.742781
v -0.487950 0.390360 -0.780720
v -0.408248 0.408248 -0.816497
v -0.317999 0.423999 -0.847998
v -0.218218 0.436436 -0.872872
v -0.111111 0.444444 -0.888889
v 0.000000 0.447214 -0.894427
v 0.111111 0.444444 -0.888889
v 0.218218 0.436436 -0.872872
v 0.317999 0.423999 -0.847998
v 0.408248 0.408248 -0.816497
v 0.487950 0.390360 -0.780720
v 0.557086 0.371391 -0.742781
v 0.616316 0.352180 -0.704361
v -0.595880 0.425628 -0.681005
v -0.536656 0.447214 -0.715542
v -0.468293 0.468293 -0.749269
v -0.390360 0.487950 -0.780720
v -0.303046 0.505076 -0.808122
v -0.207390 0.518476 -0.829561
v -0.105409 0.527046 -0.843274
v 0.000000 0.529999 -0.847998
v 0.105409 0.527046 -0.843274
v 0.207390 0.518476 -0.829561
v 0.303046 0.505076 -0.808122
v 0.390360 0.487950 -0.780720
v 0.468293 0.468293 -0.749269
v 0.536656 0.447214 -0.715542
v 0.595880 0.425628 -0.681005
v -0.573462 0.491539 -0.655386
v -0.514496 0.514496 -0.685994
v -0.447214 0.536656 -0.715542
v -0.371391 0.557086 -0.742781
v -0.287348 0.574696 -0.766261
v -0.196116 0.588348 -0.784465
v -0.099504 0.597022 -0.796030
v 0.000000 0.600000 -0.800000
v 0.099504 0.597022 -0.796030
v 0.196116 0.588348 -0.784465
v 0.287348 0.574696 -0.766261
v 0.371391 0.557086 -0.742781
v 0.447214 0.536656 -0.715542
v 0.514496 0.514496 -0.685994
v 0.573462 0.491539 -0.655386
v -0.549972 0.549972 -0.628539
v -0.491539 0.573462 -0.655386
v -0.425628 0.595880 -0.681005
v -0.352180 0.616316 -0.704361
v -0.271607 0.633750 -0.724286
v -0.184900 0.647150 -0.739600
v -0.093659 0.655610 -0.749269
v 0.000000 0.658505 -0.752577
v 0.093659 0.655610 -0.749269
v 0.184900 0.647150 -0.739600
v 0.271607 0.633750 -0.724286
v 0.352180 0.616316 -0.704361
v 0.425628 0.595880 -0.681005
v 0.491539 0.573462 -0.655386
v 0.549972 0.549972 -0.628539
v -0.628539 -0.549972 0.549972
v -0.655386 -0.573462 0.491539
v -0.681005 -0.595880 0.425628
v -0.704361 -0.616316 0.352180
v -0.724286 -0.633750 0.271607
v -0.739600 -0.647150 0.184900
v -0.749269 -0.655610 0.093659
v -0.752577 -0.658505 0.000000
v -0.749269 -0.655610 -0.093659
v -0.739600 -0.647150 -0.184900
v -0.724286 -0.633750 -0.271607
v -0.704361 -0.616316 -0.352180
v -0.681005 -0.595880 -0.425628
v -0.655386 -0.573462 -0.491539
v -0.628539 -0.549972 -0.549972
v -0.655386 -0.491539 0.573462
v -0.685995 -0.514496 0.514496
v -0.715542 -0.536656 0.447214
v -0.742782 -0.557086 0.371391
v -0.766261 -0.574696 0.287348
v -0.784465 -0.588348 0.196116
v -0.796030 -0.597022 0.099504
v -0.800000 -0.600000 0.000000
v -0.796030 -0.597022 -0.099504
v -0.784465 -0.588348 -0.196116
v -0.766261 -0.574696 -0.287348
v -0.742782 -0.557086 -0.371391
v -0.715542 -0.536656 -0.447214
v -0.685995 -0.514496 -0.514496
v -0.655386 -0.491539 -0.573462
v -0.681005 -0.425628 0.595880
v -0.715542 -0.447214 0.536656
v -0.749269 -0.468293 0.468293
v -0.780720 -0.487950 0.390360
v -0.808122 -0.505076 0.303046
v -0.829562 -0.518476 0.207390
v -0.843274 -0.527046 0.105409
v -0.847998 -0.529999 0.000000
v -0.843274 -0.527046 -0.105409
v -0.829562 -0.518476 -0.207390
v -0.808122 -0.505076 -0.303046
v -0.780720 -0.487950 -0.390360
v -0.749269 -0.468293 -0.468293
v -0.715542 -0.447214 -0.536656
v -0.681005 -0.425628 -0.595880
v -0.704361 -0.352180 0.616316
v -0.742782 -0.371391 0.557086
v -0.780720 -0.390360 0.487950
v -0.816497 -0.408248 0.408248
v -0.847998 -0.423999 0.317999
v -0.872872 -0.436436 0.218218
v -0.888889 -0.444444 0.111111
v -0.894427 -0.447214 0.000000
v -0.888889 -0.444444 -0.111111
v -0.872872 -0.436436 -0.218218
v -0.847998 -0.423999 -0.317999
v -0.816497 -0.408248 -0.408248
v -0.780720 -0.390360 -0.487950
v -0.742782 -0.371391 -0.557086
v -0.704361 -0.352180 -0.616316
v -0.724286 -0.271607 0.633750
v -0.766261 -0.287348 0.574696
v -0.808122 -0.303046 0.505076
v -0.847998 -0.317999 0.423999
v -0.883452 -0.331295 0.331295
v -0.911685 -0.341882 0.227921
v -0.929981 -0.348743 0.116248
v -0.936329 -0.351123 0.000000
v -0.929981 -0.348743 -0.116248
v -0.911685 -0.341882 -0.227921
v -0.883452 -0.331295 -0.331295
v -0.847998 -0.317999 -0.423999
v -0.808122 -0.303046 -0.505076
v -0.766261 -0.287348 -0.574696
v -0.724286 -0.271607 -0.633750
v -0.739600 -0.184900 0.647150
v -0.784465 -0.196116 0.588348
v -0.829562 -0.207390 0.518476
v -0.872872 -0.218218 0.436436
v -0.911685 -0.227921 0.341882
v -0.942809 -0.235702 0.235702
v -0.963087 -0.240772 0.120386
v -0.970143 -0.242536 0.000000
v -0.963087 -0.240772 -0.120386
v -0.942809 -0.235702 -0.235702
v -0.911685 -0.227921 -0.341882
v -0.872872 -0.218218 -0.436436
v -0.829562 -0.207390 -0.518476
v -0.784465 -0.196116 -0.588348
v -0.739600 -0.184900 -0.647150
v -0.749269 -0.093659 0.655610
v -0.796030 -0.099504 0.597022
v -0.843274 -0.105409 0.527046
v -0.888889 -0.111111 0.444444
v -0.929981 -0.116248 0.348743
v -0.963087 -0.120386 0.240772
v -0.984732 -0.123091 0.123091
v -0.992278 -0.124035 0.000000
v -0.984732 -0.123091 -0.123091
v -0.963087 -0.120386 -0.240772
v -0.929981 -0.116248 -0.348743
v -0.888889 -0.111111 -0.444444
v -0.843274 -0.105409 -0.527046
v -0.796030 -0.099504 -0.597022
v -0.749269 -0.093659 -0.655610
v -0.752577 0.000000 0.658505
v -0.800000 0.000000 0.600000
v -0.847998 0.000000 0.529999
v -0.894427 0.000000 0.447214
v -0.936329 0.000000 0.351123
v -0.970143 0.000000 0.242536
v -0.992278 0.000000 0.124035
v -1.000000 0.000000 0.000000
v -0.992278 0.000000 -0.124035
v -0.970143 0.000000 -0.242536
v -0.936329 0.000000 -0.351123
v -0.894427 0.000000 -0.447214
v -0.847998 0.000000 -0.529999
v -0.800000 0.000000 -0.600000
v -0.752577 0.000000 -0.658505
v -0.749269 0.093659 0.655610
v -0.796030 0.099504 0.597022
v -0.843274 0.105409 0.527046
v -0.888889 0.111111 0.444444
v -0.929981 0.116248 0.348743
v -0.963087 0.120386 0.240772
v -0.984732 0.123091 0.123091
v -0.992278 0.124035 0.000000
v -0.984732 0.123091 -0.123091
v -0.963087 0.120386 -0.240772
v -0.929981 0.116248 -0.348743
v -0.888889 0.111111 -0.444444
v -0.843274 0.105409 -0.527046
v -0.796030 0.099504 -0.597022
v -0.749269 0.093659 -0.655610
v -0.739600 0.184900 0.647150
v -0.784465 0.196116 0.588348
v -0.829562 0.207390 0.518476
v -0.872872 0.218218 0.436436
v -0.911685 0.227921 0.341882
v -0.942809 0.235702 0.235702
v -0.963087 0.240772 0.120386
v -0.970143 0.242536 0.000000
v -0.963087 0.240772 -0.120386
v -0.942809 0.235702 -0.235702
v -0.911685 0.227921 -0.341882
v -0.872872 0.218218 -0.436436
v -0.829562 0.207390 -0.518476
v -0.784465 0.196116 -0.588348
v -0.739600 0.184900 -0.647150
v -0.724286 0.271607 0.633750
v -0.766261 0.287348 0.574696
v -0.808122 0.303046 0.505076
v -0.847998 0.317999 0.423999
v -0.883452 0.331295 0.331295
v -0.911685 0.341882 0.227921
v -0.929981 0.348743 0.116248
v -0.936329 0.351123 0.000000
v -0.929981 0.348743 -0.116248
v -0.911685 0.341882 -0.227921
v -0.883452 0.331295 -0.331295
v -0.847998 0.317999 -0.423999
v -0.808122 0.303046 -0.505076
v -0.766261 0.287348 -0.574696
v -0.724286 0.271607 -0.633750
v -0.704361 0.352180 0.616316
v -0.742782 0.371391 0.557086
v -0.780720 0.390360 0.487950
v -0.816497 0.408248 0.408248
v -0.847998 0.423999 0.317999
v -0.872872 0.436436 0.218218
v -0.888889 0.444444 0.111111
v -0.894427 0.447214 0.000000
v -0.888889 0.444444 -0.111111
v -0.872872 0.436436 -0.218218
v -0.847998 0.423999 -0.317999
v -0.816497 0.408248 -0.408248
v -0.780720 0.390360 -0.487950
v -0.742782 0.371391 -0.557086
v -0.704361 0.352180 -0.616316
v -0.681005 0.425628 0.595880
v -0.715542 0.447214 0.536656
v -0.749269 0.468293 0.468293
v -0.780720 0.487950 0.390360
v -0.808122 0.505076 0.303046
v -0.829562 0.518476 0.207390
v -0.843274 0.527046 0.105409
v -0.847998 0.529999 0.000000
v -0.843274 0.527046 -0.105409
v -0.829562 0.518476 -0.207390
v -0.808122 0.505076 -0.303046
v -0.780720 0.487950 -0.390360
v -0.749269 0.468293 -0.468293
v -0.715542 0.447214 -0.536656
v -0.681005 0.425628 -0.595880
v -0.655386 0.491539 0.573462
v -0.685995 0.514496 0.514496
v -0.715542 0.536656 0.447214
v -0.742782 0.557086 0.371391
v -0.766261 0.574696 0.287348
v -0.784465 0.588348 0.196116
v -0.796030 0.597022 0.099504
v -0.800000 0.600000 0.000000
v -0.796030 0.597022 -0.099504
v -0.784465 0.588348 -0.196116
v -0.766261 0.574696 -0.287348
v -0.742782 0.557086 -0.371391
v -0.715542 0.536656 -0.447214
v -0.685995 0.514496 -0.514496
v -0.655386 0.491539 -0.573462
v -0.628539 0.549972 0.549972
v -0.655386 0.573462 0.491539
v -0.681005 0.595880 0.425628
v -0.704361 0.616316 0.352180
v -0.724286 0.633750 0.271607
v -0.739600 0.647150 0.184900
v -0.749269 0.655610 0.093659
v -0.752577 0.658505 0.000000
v -0.749269 0.655610 -0.093659
v -0.739600 0.647150 -0.184900
v -0.724286 0.633750 -0.271607
v -0.704361 0.616316 -0.352180
v -0.681005 0.595880 -0.425628
v -0.655386 0.573462 -0.491539
v -0.628539 0.549972 -0.549972
vn -0.5773 -0.5774 0.5774
vn -0.5774 0.5774 0.5774
vn -0.5774 -0.5774 -0.5774
vn -0.5774 0.5774 -0.5774
vn 0.5774 -0.5774 0.5774
vn 0.5773 0.5774 0.5774
vn 0.5773 -0.5774 -0.5774
vn 0.5774 0.5773 -0.5774
vn -0.6002 -0.6002 -0.5287
vn -0.6240 -0.6240 -0.4705
vn -0.6463 -0.6463 -0.4056
vn -0.6665 -0.6665 -0.3342
vn -0.6834 -0.6834 -0.2567
vn -0.6963 -0.6963 -0.1742
vn -0.7044 -0.7044 -0.0881
vn -0.7071 -0.7071 -0.0000
vn -0.7044 -0.7044 0.0881
vn -0.6963 -0.6963 0.1742
vn -0.6834 -0.6834 0.2567
vn -0.6665 -0.6665 0.3342
vn -0.6463 -0.6463 0.4056
vn -0.6240 -0.6240 0.4705
vn -0.6002 -0.6002 0.5287
vn -0.6002 -0.5287 0.6002
vn -0.6240 -0.4705 0.6240
vn -0.6463 -0.4056 0.6463
vn -0.6665 -0.3342 0.6665
vn -0.6834 -0.2567 0.6834
vn -0.6963 -0.1742 0.6963
vn -0.7044 -0.0881 0.7044
vn -0.7071 -0.0000 0.7071
vn -0.7044 0.0881 0.7044
vn -0.6963 0.1742 0.6963
vn -0.6834 0.2567 0.6834
vn -0.6665 0.3342 0.6665
vn -0.6463 0.4056 0.6463
vn -0.6240 0.4705 0.6240
vn -0.6002 0.5287 0.6002
vn -0.6002 0.6002 0.5287
vn -0.6240 0.6240 0.4705
vn -0.6463 0.6463 0.4056
vn -0.6665 0.6665 0.3342
vn -0.6834 0.6834 0.2567
vn -0.6963 0.6963 0.1742
vn -0.7044 0.7044 0.0881
vn -0.7071 0.7071 -0.0000
vn -0.7044 0.7044 -0.0881
vn -0.6963 0.6963 -0.1742
vn -0.6834 0.6834 -0.2567
vn -0.6665 0.6665 -0.3342
vn -0.6463 0.6463 -0.4056
vn -0.6240 0.6240 -0.4705
vn -0.6002 0.6002 -0.5287
vn -0.6002 0.5287 -0.6002
vn -0.6240 0.4705 -0.6240
vn -0.6463 0.4056 -0.6463
vn -0.6665 0.3342 -0.6665
vn -0.6834 0.2567 -0.6834
vn -0.6963 0.1742 -0.6963
vn -0.7044 0.0881 -0.7044
vn -0.7071 -0.0000 -0.7071
vn -0.7044 -0.0881 -0.7044
vn -0.6963 -0.1742 -0.6963
vn -0.6834 -0.2567 -0.6834
vn -0.6665 -0.3342 -0.6665
vn -0.6463 -0.4056 -0.6463
vn -0.6240 -0.4705 -0.6240
vn -0.6002 -0.5287 -0.6002
vn 0.5287 -0.6002 -0.6002
vn 0.4705 -0.6240 -0.6240
vn 0.4056 -0.6463 -0.6463
vn 0.3342 -0.6665 -0.6665
vn 0.2567 -0.6834 -0.6834
vn 0.1742 -0.6963 -0.6963
vn 0.0881 -0.7044 -0.7044
vn -0.0000 -0.7071 -0.7071
vn -0.0881 -0.7044 -0.7044
vn -0.1742 -0.6963 -0.6963
vn -0.2567 -0.6834 -0.6834
vn -0.3342 -0.6665 -0.6665
vn -0.4056 -0.6463 -0.6463
vn -0.4705 -0.6240 -0.6240
vn -0.5287 -0.6002 -0.6002
vn -0.5287 0.6002 -0.6002
vn -0.4705 0.6240 -0.6240
vn -0.4056 0.6463 -0.6463
vn -0.3342 0.6665 -0.6665
vn -0.2567 0.6834 -0.6834
vn -0.1742 0.6963 -0.6963
vn -0.0881 0.7044 -0.7044
vn -0.0000 0.7071 -0.7071
vn 0.0881 0.7044 -0.7044
vn 0.1742 0.6963 -0.6963
vn 0.2567 0.6834 -0.6834
vn 0.3342 0.6665 -0.6665
vn 0.4056 0.6463 -0.6463
vn 0.4705 0.6240 -0.6240
vn 0.5287 0.6002 -0.6002
vn 0.6002 0.5287 -0.6002
vn 0.6240 0.4705 -0.6240
vn 0.6463 0.4056 -0.6463
vn 0.6665 0.3342 -0.6665
vn 0.6834 0.2567 -0.6834
vn 0.6963 0.1742 -0.6963
vn 0.7044 0.0881 -0.7044
vn 0.7071 -0.0000 -0.7071
vn 0.7044 -0.0881 -0.7044
vn 0.6963 -0.1742 -0.6963
vn 0.6834 -0.2567 -0.6834
vn 0.6665 -0.3342 -0.6665
vn 0.6463 -0.4056 -0.6463
vn 0.6240 -0.4705 -0.6240
vn 0.6002 -0.5287 -0.6002
vn 0.6002 -0.6002 0.5287
vn 0.6240 -0.6240 0.4705
vn 0.6463 -0.6463 0.4056
vn 0.6665 -0.6665 0.3342
vn 0.6834 -0.6834 0.2567
vn 0.6963 -0.6963 0.1742
vn 0.7044 -0.7044 0.0881
vn 0.7071 -0.7071 -0.0000
vn 0.7044 -0.7044 -0.0881
vn 0.6963 -0.6963 -0.1742
vn 0.6834 -0.6834 -0.2567
vn 0.6665 -0.6665 -0.3342
vn 0.6463 -0.6463 -0.4056
vn 0.6240 -0.6240 -0.4705
vn 0.6002 -0.6002 -0.5287
vn 0.6002 0.6002 -0.5287
vn 0.6240 0.6240 -0.4705
vn 0.6463 0.6463 -0.4056
vn 0.6665 0.6665 -0.3342
vn 0.6834 0.6834 -0.2567
vn 0.6963 0.6963 -0.1742
vn 0.7044 0.7044 -0.0881
vn 0.7071 0.7071 -0.0000
vn 0.7044 0.7044 0.0881
vn 0.6963 0.6963 0.1742
vn 0.6834 0.6834 0.2567
vn 0.6665 0.6665 0.3342
vn 0.6463 0.6463 0.4056
vn 0.6240 0.6240 0.4705
vn 0.6002 0.6002 0.5287
vn 0.6002 0.5287 0.6002
vn 0.6240 0.4705 0.6240
vn 0.6463 0.4056 0.6463
vn 0.6665 0.3342 0.6665
vn 0.6834 0.2567 0.6834
vn 0.6963 0.1742 0.6963
vn 0.7044 0.0881 0.7044
vn 0.7071 -0.0000 0.7071
vn 0.7044 -0.0881 0.7044
vn 0.6963 -0.1742 0.6963
vn 0.6834 -0.2567 0.6834
vn 0.6665 -0.3342 0.6665
vn 0.6463 -0.4056 0.6463
vn 0.6240 -0.4705 0.6240
vn 0.6002 -0.5287 0.6002
vn -0.5287 -0.6002 0.6002
vn -0.4705 -0.6240 0.6240
vn -0.4056 -0.6463 0.6463
vn -0.3342 -0.6665 0.6665
vn -0.2567 -0.6834 0.6834
vn -0.1742 -0.6963 0.6963
vn -0.0881 -0.7044 0.7044
vn -0.0000 -0.7071 0.7071
vn 0.0881 -0.7044 0.7044
vn 0.1742 -0.6963 0.6963
vn 0.2567 -0.6834 0.6834
vn 0.3342 -0.6665 0.6665
vn 0.4056 -0.6463 0.6463
vn 0.4705 -0.6240 0.6240
vn 0.5287 -0.6002 0.6002
vn 0.5287 0.6002 0.6002
vn 0.4705 0.6240 0.6240
vn 0.4056 0.6463 0.6463
vn 0.3342 0.6665 0.6665
vn 0.2567 0.6834 0.6834
vn 0.1742 0.6963 0.6963
vn 0.0881 0.7044 0.7044
vn -0.0000 0.7071 0.7071
vn -0.0881 0.7044 0.7044
vn -0.1742 0.6963 0.6963
vn -0.2567 0.6834 0.6834
vn -0.3342 0.6665 0.6665
vn -0.4056 0.6463 0.6463
vn -0.4705 0.6240 0.6240
vn -0.5287 0.6002 0.6002
vn 0.5489 0.6305 -0.5489
vn 0.5721 0.6574 -0.4904
vn 0.5941 0.6832 -0.4245
vn 0.6142 0.7067 -0.3512
vn 0.6313 0.7268 -0.2707
vn 0.6444 0.7422 -0.1843
vn 0.6526 0.7519 -0.0933
vn 0.6554 0.7553 -0.0000
vn 0.6526 0.7519 0.0933
vn 0.6444 0.7422 0.1843
vn 0.6313 0.7268 0.2707
vn 0.6142 0.7067 0.3512
vn 0.5941 0.6832 0.4245
vn 0.5721 0.6574 0.4904
vn 0.5489 0.6305 0.5489
vn 0.4904 0.6574 -0.5721
vn 0.5131 0.6882 -0.5131
vn 0.5348 0.7178 -0.4458
vn 0.5548 0.7451 -0.3700
vn 0.5720 0.7687 -0.2862
vn 0.5853 0.7869 -0.1953
vn 0.5937 0.7985 -0.0991
vn 0.5966 0.8025 -0.0000
vn 0.5937 0.7985 0.0991
vn 0.5853 0.7869 0.1953
vn 0.5720 0.7687 0.2862
vn 0.5548 0.7451 0.3700
vn 0.5348 0.7178 0.4458
vn 0.5131 0.6882 0.5131
vn 0.4904 0.6574 0.5721
vn 0.4245 0.6832 -0.5941
vn 0.4458 0.7178 -0.5348
vn 0.4665 0.7516 -0.4665
vn 0.4857 0.7830 -0.3886
vn 0.5023 0.8104 -0.3015
vn 0.5153 0.8318 -0.2063
vn 0.5236 0.8455 -0.1048
vn 0.5264 0.8502 -0.0000
vn 0.5236 0.8455 0.1048
vn 0.5153 0.8318 0.2063
vn 0.5023 0.8104 0.3015
vn 0.4857 0.7830 0.3886
vn 0.4665 0.7516 0.4665
vn 0.4458 0.7178 0.5348
vn 0.4245 0.6832 0.5941
vn 0.3512 0.7067 -0.6142
vn 0.3700 0.7451 -0.5548
vn 0.3886 0.7830 -0.4857
vn 0.4060 0.8187 -0.4060
vn 0.4213 0.8501 -0.3161
vn 0.4333 0.8748 -0.2168
vn 0.4410 0.8907 -0.1103
vn 0.4436 0.8962 -0.0000
vn 0.4410 0.8907 0.1103
vn 0.4333 0.8748 0.2168
vn 0.4213 0.8501 0.3161
vn 0.4060 0.8187 0.4060
vn 0.3886 0.7830 0.4857
vn 0.3700 0.7451 0.5548
vn 0.3512 0.7067 0.6142
vn 0.2707 0.7268 -0.6313
vn 0.2862 0.7687 -0.5720
vn 0.3015 0.8104 -0.5023
vn 0.3161 0.8501 -0.4213
vn 0.3289 0.8852 -0.3289
vn 0.3391 0.9132 -0.2261
vn 0.3456 0.9313 -0.1153
vn 0.3479 0.9375 -0.0000
vn 0.3456 0.9313 0.1153
vn 0.3391 0.9132 0.2261
vn 0.3289 0.8852 0.3289
vn 0.3161 0.8501 0.4213
vn 0.3015 0.8104 0.5023
vn 0.2862 0.7687 0.5720
vn 0.2707 0.7268 0.6313
vn 0.1843 0.7422 -0.6444
vn 0.1953 0.7869 -0.5853
vn 0.2063 0.8318 -0.5153
vn 0.2168 0.8748 -0.4333
vn 0.2261 0.9132 -0.3391
vn 0.2335 0.9439 -0.2335
vn 0.2383 0.9638 -0.1192
vn 0.2400 0.9708 -0.0000
vn 0.2383 0.9638 0.1192
vn 0.2335 0.9439 0.2335
vn 0.2261 0.9132 0.3391
vn 0.2168 0.8748 0.4333
vn 0.2063 0.8318 0.5153
vn 0.1953 0.7869 0.5853
vn 0.1843 0.7422 0.6444
vn 0.0933 0.7519 -0.6526
vn 0.0991 0.7985 -0.5937
vn 0.1048 0.8455 -0.5236
vn 0.1103 0.8907 -0.4410
vn 0.1153 0.9313 -0.3456
vn 0.1192 0.9638 -0.2383
vn 0.1218 0.9851 -0.1218
vn 0.1227 0.9924 -0.0000
vn 0.1218 0.9851 0.1218
vn 0.1192 0.9638 0.2383
vn 0.1153 0.9313 0.3456
vn 0.1103 0.8907 0.4410
vn 0.1048 0.8455 0.5236
vn 0.0991 0.7985 0.5937
vn 0.0933 0.7519 0.6526
vn -0.0000 0.7553 -0.6554
vn -0.0000 0.8025 -0.5966
vn -0.0000 0.8502 -0.5264
vn -0.0000 0.8962 -0.4436
vn -0.0000 0.9375 -0.3479
vn -0.0000 0.9708 -0.2400
vn -0.0000 0.9924 -0.1227
vn -0.0000 1.0000 -0.0000
vn -0.0000 0.9924 0.1227
vn -0.0000 0.9708 0.2400
vn -0.0000 0.9375 0.3479
vn -0.0000 0.8962 0.4436
vn -0.0000 0.8502 0.5264
vn -0.0000 0.8025 0.5966
vn -0.0000 0.7553 0.6554
vn -0.0933 0.7519 -0.6526
vn -0.0991 0.7985 -0.5937
vn -0.1048 0.8455 -0.5236
vn -0.1103 0.8907 -0.4410
vn -0.1153 0.9313 -0.3456
vn -0.1192 0.9638 -0.2383
vn -0.1218 0.9851 -0.1218
vn -0.1227 0.9924 -0.0000
vn -0.1218 0.9851 0.1218
vn -0.1192 0.9638 0.2383
vn -0.1153 0.9313 0.3456
vn -0.1103 0.8907 0.4410
vn -0.1048 0.8455 0.5236
vn -0.0991 0.7985 0.5937
vn -0.0933 0.7519 0.6526
vn -0.1843 0.7422 -0.6444
vn -0.1953 0.7869 -0.5853
vn -0.2063 0.8318 -0.5153
vn -0.2168 0.8748 -0.4333
vn -0.2261 0.9132 -0.3391
vn -0.2335 0.9439 -0.2335
vn -0.2383 0.9638 -0.1192
vn -0.2400 0.9708 -0.0000
vn -0.2383 0.9638 0.1192
vn -0.2335 0.9439 0.2335
vn -0.2261 0.9132 0.3391
vn -0.2168 0.8748 0.4333
vn -0.2063 0.8318 0.5153
vn -0.1953 0.7869 0.5853
vn -0.1843 0.7422 0.6444
vn -0.2707 0.7268 -0.6313
vn -0.2862 0.7687 -0.5720
vn -0.3015 0.8104 -0.5023
vn -0.3161 0.8501 -0.4213
vn -0.3289 0.8852 -0.3289
vn -0.3391 0.9132 -0.2261
vn -0.3456 0.9313 -0.1153
vn -0.3479 0.9375 -0.0000
vn -0.3456 0.9313 0.1153
vn -0.3391 0.9132 0.2261
vn -0.3289 0.8852 0.3289
vn -0.3161 0.8501 0.4213
vn -0.3015 0.8104 0.5023
vn -0.2862 0.7687 0.5720
vn -0.2707 0.7268 0.6313
vn -0.3512 0.7067 -0.6142
vn -0.3700 0.7451 -0.5548
vn -0.3886 0.7830 -0.4857
vn -0.4060 0.8187 -0.4060
vn -0.4213 0.8501 -0.3161
vn -0.4333 0.8748 -0.2168
vn -0.4410 0.8907 -0.1103
vn -0.4436 0.8962 -0.0000
vn -0.4410 0.8907 0.1103
vn -0.4333 0.8748 0.2168
vn -0.4213 0.8501 0.3161
vn -0.4060 0.8187 0.4060
vn -0.3886 0.7830 0.4857
vn -0.3700 0.7451 0.5548
vn -0.3512 0.7067 0.6142
vn -0.4245 0.6832 -0.5941
vn -0.4458 0.7178 -0.5348
vn -0.4665 0.7516 -0.4665
vn -0.4857 0.7830 -0.3886
vn -0.5023 0.8104 -0.3015
vn -0.5153 0.8318 -0.2063
vn -0.5236 0.8455 -0.1048
vn -0.5264 0.8502 -0.0000
vn -0.5236 0.8455 0.1048
vn -0.5153 0.8318 0.2063
vn -0.5023 0.8104 0.3015
vn -0.4857 0.7830 0.3886
vn -0.4665 0.7516 0.4665
vn -0.4458 0.7178 0.5348
vn -0.4245 0.6832 0.5941
vn -0.4904 0.6574 -0.5721
vn -0.5131 0.6882 -0.5131
vn -0.5348 0.7178 -0.4458
vn -0.5548 0.7451 -0.3700
vn -0.5720 0.7687 -0.2862
vn -0.5853 0.7869 -0.1953
vn -0.5937 0.7985 -0.0991
vn -0.5966 0.8025 -0.0000
vn -0.5937 0.7985 0.0991
vn -0.5853 0.7869 0.1953
vn -0.5720 0.7687 0.2862
vn -0.5548 0.7451 0.3700
vn -0.5348 0.7178 0.4458
vn -0.5131 0.6882 0.5131
vn -0.4904 0.6574 0.5721
vn -0.5489 0.6305 -0.5489
vn -0.5721 0.6574 -0.4904
vn -0.5941 0.6832 -0.4245
vn -0.6142 0.7067 -0.3512
vn -0.6313 0.7268 -0.2707
vn -0.6444 0.7422 -0.1843
vn -0.6526 0.7519 -0.0933
vn -0.6554 0.7553 -0.0000
vn -0.6526 0.7519 0.0933
vn -0.6444 0.7422 0.1843
vn -0.6313 0.7268 0.2707
vn -0.6142 0.7067 0.3512
vn -0.5941 0.6832 0.4245
vn -0.5721 0.6574 0.4904
vn -0.5489 0.6305 0.5489
vn -0.5489 -0.6305 -0.5489
vn -0.5721 -0.6574 -0.4904
vn -0.5941 -0.6832 -0.4245
vn -0.6142 -0.7067 -0.3512
vn -0.6313 -0.7268 -0.2707
vn -0.6444 -0.7422 -0.1843
vn -0.6526 -0.7519 -0.0933
vn -0.6554 -0.7553 -0.0000
vn -0.6526 -0.7519 0.0933
vn -0.6444 -0.7422 0.1843
vn -0.6313 -0.7268 0.2707
vn -0.6142 -0.7067 0.3512
vn -0.5941 -0.6832 0.4245
vn -0.5721 -0.6574 0.4904
vn -0.5489 -0.6305 0.5489
vn -0.4904 -0.6574 -0.5721
vn -0.5131 -0.6882 -0.5131
vn -0.5348 -0.7178 -0.4458
vn -0.5548 -0.7451 -0.3700
vn -0.5720 -0.7687 -0.2862
vn -0.5853 -0.7869 -0.1953
vn -0.5937 -0.7985 -0.0991
vn -0.5966 -0.8025 -0.0000
vn -0.5937 -0.7985 0.0991
vn -0.5853 -0.7869 0.1953
vn -0.5720 -0.7687 0.2862
vn -0.5548 -0.7451 0.3700
vn -0.5348 -0.7178 0.4458
vn -0.5131 -0.6882 0.5131
vn -0.4904 -0.6574 0.5721
vn -0.4245 -0.6832 -0.5941
vn -0.4458 -0.7178 -0.5348
vn -0.4665 -0.7516 -0.4665
vn -0.4857 -0.7830 -0.3886
vn -0.5023 -0.8104 -0.3015
vn -0.5153 -0.8318 -0.2063
vn -0.5236 -0.8455 -0.1048
vn -0.5264 -0.8502 -0.0000
vn -0.5236 -0.8455 0.1048
vn -0.5153 -0.8318 0.2063
vn -0.5023 -0.8104 0.3015
vn -0.4857 -0.7830 0.3886
vn -0.4665 -0.7516 0.4665
vn -0.4458 -0.7178 0.5348
vn -0.4245 -0.6832 0.5941
vn -0.3512 -0.7067 -0.6142
vn -0.3700 -0.7451 -0.5548
vn -0.3886 -0.7830 -0.4857
vn -0.4060 -0.8187 -0.4060
vn -0.4213 -0.8501 -0.3161
vn -0.4333 -0.8748 -0.2168
vn -0.4410 -0.8907 -0.1103
vn -0.4436 -0.8962 -0.0000
vn -0.4410 -0.8907 0.1103
vn -0.4333 -0.8748 0.2168
vn -0.4213 -0.8501 0.3161
vn -0.4060 -0.8187 0.4060
vn -0.3886 -0.7830 0.4857
vn -0.3700 -0.7451 0.5548
vn -0.3512 -0.7067 0.6142
vn -0.2707 -0.7268 -0.6313
vn -0.2862 -0.7687 -0.5720
vn -0.3015 -0.8104 -0.5023
vn -0.3161 -0.8501 -0.4213
vn -0.3289 -0.8852 -0.3289
vn -0.3391 -0.9132 -0.2261
vn -0.3456 -0.9313 -0.1153
vn -0.3479 -0.9375 -0.0000
vn -0.3456 -0.9313 0.1153
vn -0.3391 -0.9132 0.2261
vn -0.3289 -0.8852 0.3289
vn -0.3161 -0.8501 0.4213
vn -0.3015 -0.8104 0.5023
vn -0.2862 -0.7687 0.5720
vn -0.2707 -0.7268 0.6313
vn -0.1843 -0.7422 -0.6444
vn -0.1953 -0.7869 -0.5853
vn -0.2063 -0.8318 -0.5153
vn -0.2168 -0.8748 -0.4333
vn -0.2261 -0.9132 -0.3391
vn -0.2335 -0.9439 -0.2335
vn -0.2383 -0.9638 -0.1192
vn -0.2400 -0.9708 -0.0000
vn -0.2383 -0.9638 0.1192
vn -0.2335 -0.9439 0.2335
vn -0.2261 -0.9132 0.3391
vn -0.2168 -0.8748 0.4333
vn -0.2063 -0.8318 0.5153
vn -0.1953 -0.7869 0.5853
vn -0.1843 -0.7422 0.6444
vn -0.0933 -0.7519 -0.6526
vn -0.0991 -0.7985 -0.5937
vn -0.1048 -0.8455 -0.5236
vn -0.1103 -0.8907 -0.4410
vn -0.1153 -0.9313 -0.3456
vn -0.1192 -0.9638 -0.2383
vn -0.1218 -0.9851 -0.1218
vn -0.1227 -0.9924 -0.0000
vn -0.1218 -0.9851 0.1218
vn -0.1192 -0.9638 0.2383
vn -0.1153 -0.9313 0.3456
vn -0.1103 -0.8907 0.4410
vn -0.1048 -0.8455 0.5236
vn -0.0991 -0.7985 0.5937
vn -0.0933 -0.7519 0.6526
vn -0.0000 -0.7553 -0.6554
vn -0.0000 -0.8025 -0.5966
vn -0.0000 -0.8502 -0.5264
vn -0.0000 -0.8962 -0.4436
vn -0.0000 -0.9375 -0.3479
vn -0.0000 -0.9708 -0.2400
vn -0.0000 -0.9924 -0.1227
vn -0.0000 -1.0000 -0.0000
vn -0.0000 -0.9924 0.1227
vn -0.0000 -0.9708 0.2400
vn -0.0000 -0.9375 0.3479
vn -0.0000 -0.8962 0.4436
vn -0.0000 -0.8502 0.5264
vn -0.0000 -0.8025 0.5966
vn -0.0000 -0.7553 0.6554
vn 0.0933 -0.7519 -0.6526
vn 0.0991 -0.7985 -0.5937
vn 0.1048 -0.8455 -0.5236
vn 0.1103 -0.8907 -0.4410
vn 0.1153 -0.9313 -0.3456
vn 0.1192 -0.9638 -0.2383
vn 0.1218 -0.9851 -0.1218
vn 0.1227 -0.9924 -0.0000
vn 0.1218 -0.9851 0.1218
vn 0.1192 -0.9638 0.2383
vn 0.1153 -0.9313 0.3456
vn 0.1103 -0.8907 0.4410
vn 0.1048 -0.8455 0.5236
vn 0.0991 -0.7985 0.5937
vn 0.0933 -0.7519 0.6526
vn 0.1843 -0.7422 -0.6444
vn 0.1953 -0.7869 -0.5853
vn 0.2063 -0.8318 -0.5153
vn 0.2168 -0.8748 -0.4333
vn 0.2261 -0.9132 -0.3391
vn 0.2335 -0.9439 -0.2335
vn 0.2383 -0.9638 -0.1192
vn 0.2400 -0.9708 -0.0000
vn 0.2383 -0.9638 0.1192
vn 0.2335 -0.9439 0.2335
vn 0.2261 -0.9132 0.3391
vn 0.2168 -0.8748 0.4333
vn 0.2063 -0.8318 0.5153
vn 0.1953 -0.7869 0.5853
vn 0.1843 -0.7422 0.6444
vn 0.2707 -0.7268 -0.6313
vn 0.2862 -0.7687 -0.5720
vn 0.3015 -0.8104 -0.5023
vn 0.3161 -0.8501 -0.4213
vn 0.3289 -0.8852 -0.3289
vn 0.3391 -0.9132 -0.2261
vn 0.3456 -0.9313 -0.1153
vn 0.3479 -0.9375 -0.0000
vn 0.3456 -0.9313 0.1153
vn 0.3391 -0.9132 0.2261
vn 0.3289 -0.8852 0.3289
vn 0.3161 -0.8501 0.4213
vn 0.3015 -0.8104 0.5023
vn 0.2862 -0.7687 0.5720
vn 0.2707 -0.7268 0.6313
vn 0.3512 -0.7067 -0.6142
vn 0.3700 -0.7451 -0.5548
vn 0.3886 -0.7830 -0.4857
vn 0.4060 -0.8187 -0.4060
vn 0.4213 -0.8501 -0.3161
vn 0.4333 -0.8748 -0.2168
vn 0.4410 -0.8907 -0.1103
vn 0.4436 -0.8962 -0.0000
vn 0.4410 -0.8907 0.1103
vn 0.4333 -0.8748 0.2168
vn 0.4213 -0.8501 0.3161
vn 0.4060 -0.8187 0.4060
vn 0.3886 -0.7830 0.4857
vn 0.3700 -0.7451 0.5548
vn 0.3512 -0.7067 0.6142
vn 0.4245 -0.6832 -0.5941
vn 0.4458 -0.7178 -0.5348
vn 0.4665 -0.7516 -0.4665
vn 0.4857 -0.7830 -0.3886
vn 0.5023 -0.8104 -0.3015
vn 0.5153 -0.8318 -0.2063
vn 0.5236 -0.8455 -0.1048
vn 0.5264 -0.8502 -0.0000
vn 0.5236 -0.8455 0.1048
vn 0.5153 -0.8318 0.2063
vn 0.5023 -0.8104 0.3015
vn 0.4857 -0.7830 0.3886
vn 0.4665 -0.7516 0.4665
vn 0.4458 -0.7178 0.5348
vn 0.4245 -0.6832 0.5941
vn 0.4904 -0.6574 -0.5721
vn 0.5131 -0.6882 -0.5131
vn 0.5348 -0.7178 -0.4458
vn 0.5548 -0.7451 -0.3700
vn 0.5720 -0.7687 -0.2862
vn 0.5853 -0.7869 -0.1953
vn 0.5937 -0.7985 -0.0991
vn 0.5966 -0.8025 -0.0000
vn 0.5937 -0.7985 0.0991
vn 0.5853 -0.7869 0.1953
vn 0.5720 -0.7687 0.2862
vn 0.5548 -0.7451 0.3700
vn 0.5348 -0.7178 0.4458
vn 0.5131 -0.6882 0.5131
vn 0.4904 -0.6574 0.5721
vn 0.5489 -0.6305 -0.5489
vn 0.5721 -0.6574 -0.4904
vn 0.5941 -0.6832 -0.4245
vn 0.6142 -0.7067 -0.3512
vn 0.6313 -0.7268 -0.2707
vn 0.6444 -0.7422 -0.1843
vn 0.6526 -0.7519 -0.0933
vn 0.6554 -0.7553 -0.0000
vn 0.6526 -0.7519 0.0933
vn 0.6444 -0.7422 0.1843
vn 0.6313 -0.7268 0.2707
vn 0.6142 -0.7067 0.3512
vn 0.5941 -0.6832 0.4245
vn 0.5721 -0.6574 0.4904
vn 0.5489 -0.6305 0.5489
vn 0.5489 -0.5489 0.6305
vn 0.4904 -0.5721 0.6574
vn 0.4245 -0.5941 0.6832
vn 0.3512 -0.6142 0.7067
vn 0.2707 -0.6313 0.7268
vn 0.1843 -0.6444 0.7422
vn 0.0933 -0.6526 0.7519
vn -0.0000 -0.6554 0.7553
vn -0.0933 -0.6526 0.7519
vn -0.1843 -0.6444 0.7422
vn -0.2707 -0.6313 0.7268
vn -0.3512 -0.6142 0.7067
vn -0.4245 -0.5941 0.6832
vn -0.4904 -0.5721 0.6574
vn -0.5489 -0.5489 0.6305
vn 0.5721 -0.4904 0.6574
vn 0.5131 -0.5131 0.6882
vn 0.4458 -0.5348 0.7178
vn 0.3700 -0.5548 0.7451
vn 0.2862 -0.5720 0.7687
vn 0.1953 -0.5853 0.7869
vn 0.0991 -0.5937 0.7985
vn -0.0000 -0.5966 0.8025
vn -0.0991 -0.5937 0.7985
vn -0.1953 -0.5853 0.7869
vn -0.2862 -0.5720 0.7687
vn -0.3700 -0.5548 0.7451
vn -0.4458 -0.5348 0.7178
vn -0.5131 -0.5131 0.6882
vn -0.5721 -0.4904 0.6574
vn 0.5941 -0.4245 0.6832
vn 0.5348 -0.4458 0.7178
vn 0.4665 -0.4665 0.7516
vn 0.3886 -0.4857 0.7830
vn 0.3015 -0.5023 0.8104
vn 0.2063 -0.5153 0.8318
vn 0.1048 -0.5236 0.8455
vn -0.0000 -0.5264 0.8502
vn -0.1048 -0.5236 0.8455
vn -0.2063 -0.5153 0.8318
vn -0.3015 -0.5023 0.8104
vn -0.3886 -0.4857 0.7830
vn -0.4665 -0.4665 0.7516
vn -0.5348 -0.4458 0.7178
vn -0.5941 -0.4245 0.6832
vn 0.6142 -0.3512 0.7067
vn 0.5548 -0.3700 0.7451
vn 0.4857 -0.3886 0.7830
vn 0.4060 -0.4060 0.8187
vn 0.3161 -0.4213 0.8501
vn 0.2168 -0.4333 0.8748
vn 0.1103 -0.4410 0.8907
vn -0.0000 -0.4436 0.8962
vn -0.1103 -0.4410 0.8907
vn -0.2168 -0.4333 0.8748
vn -0.3161 -0.4213 0.8501
vn -0.4060 -0.4060 0.8187
vn -0.4857 -0.3886 0.7830
vn -0.5548 -0.3700 0.7451
vn -0.6142 -0.3512 0.7067
vn 0.6313 -0.2707 0.7268
vn 0.5720 -0.2862 0.7687
vn 0.5023 -0.3015 0.8104
vn 0.4213 -0.3161 0.8501
vn 0.3289 -0.3289 0.8852
vn 0.2261 -0.3391 0.9132
vn 0.1153 -0.3456 0.9313
vn -0.0000 -0.3479 0.9375
vn -0.1153 -0.3456 0.9313
vn -0.2261 -0.3391 0.9132
vn -0.3289 -0.3289 0.8852
vn -0.4213 -0.3161 0.8501
vn -0.5023 -0.3015 0.8104
vn -0.5720 -0.2862 0.7687
vn -0.6313 -0.2707 0.7268
vn 0.6444 -0.1843 0.7422
vn 0.5853 -0.1953 0.7869
vn 0.5153 -0.2063 0.8318
vn 0.4333 -0.2168 0.8748
vn 0.3391 -0.2261 0.9132
vn 0.2335 -0.2335 0.9439
vn 0.1192 -0.2383 0.9638
vn -0.0000 -0.2400 0.9708
vn -0.1192 -0.2383 0.9638
vn -0.2335 -0.2335 0.9439
vn -0.3391 -0.2261 0.9132
vn -0.4333 -0.2168 0.8748
vn -0.5153 -0.2063 0.8318
vn -0.5853 -0.1953 0.7869
vn -0.6444 -0.1843 0.7422
vn 0.6526 -0.0933 0.7519
vn 0.5937 -0.0991 0.7985
vn 0.5236 -0.1048 0.8455
vn 0.4410 -0.1103 0.8907
vn 0.3456 -0.1153 0.9313
vn 0.2383 -0.1192 0.9638
vn 0.1218 -0.1218 0.9851
vn -0.0000 -0.1227 0.9924
vn -0.1218 -0.1218 0.9851
vn -0.2383 -0.1192 0.9638
vn -0.3456 -0.1153 0.9313
vn -0.4410 -0.1103 0.8907
vn -0.5236 -0.1048 0.8455
vn -0.5937 -0.0991 0.7985
vn -0.6526 -0.0933 0.7519
vn 0.6554 -0.0000 0.7553
vn 0.5966 -0.0000 0.8025
vn 0.5264 -0.0000 0.8502
vn 0.4436 -0.0000 0.8962
vn 0.3479 -0.0000 0.9375
vn 0.2400 -0.0000 0.9708
vn 0.1227 -0.0000 0.9924
vn -0.0000 -0.0000 1.0000
vn -0.1227 -0.0000 0.9924
vn -0.2400 -0.0000 0.9708
vn -0.3479 -0.0000 0.9375
vn -0.4436 -0.0000 0.8962
vn -0.5264 -0.0000 0.8502
vn -0.5966 -0.0000 0.8025
vn -0.6554 -0.0000 0.7553
vn 0.6526 0.0933 0.7519
vn 0.5937 0.0991 0.7985
vn 0.5236 0.1048 0.8455
vn 0.4410 0.1103 0.8907
vn 0.3456 0.1153 0.9313
vn 0.2383 0.1192 0.9638
vn 0.1218 0.1218 0.9851
vn -0.0000 0.1227 0.9924
vn -0.1218 0.1218 0.9851
vn -0.2383 0.1192 0.9638
vn -0.3456 0.1153 0.9313
vn -0.4410 0.1103 0.8907
vn -0.5236 0.1048 0.8455
vn -0.5937 0.0991 0.7985
vn -0.6526 0.0933 0.7519
vn 0.6444 0.1843 0.7422
vn 0.5853 0.1953 0.7869
vn 0.5153 0.2063 0.8318
vn 0.4333 0.2168 0.8748
vn 0.3391 0.2261 0.9132
vn 0.2335 0.2335 0.9439
vn 0.1192 0.2383 0.9638
vn -0.0000 0.2400 0.9708
vn -0.1192 0.2383 0.9638
vn -0.2335 0.2335 0.9439
vn -0.3391 0.2261 0.9132
vn -0.4333 0.2168 0.8748
vn -0.5153 0.2063 0.8318
vn -0.5853 0.1953 0.7869
vn -0.6444 0.1843 0.7422
vn 0.6313 0.2707 0.7268
vn 0.5720 0.2862 0.7687
vn 0.5023 0.3015 0.8104
vn 0.4213 0.3161 0.8501
vn 0.3289 0.3289 0.8852
vn 0.2261 0.3391 0.9132
vn 0.1153 0.3456 0.9313
vn -0.0000 0.3479 0.9375
vn -0.1153 0.3456 0.9313
vn -0.2261 0.3391 0.9132
vn -0.3289 0.3289 0.8852
vn -0.4213 0.3161 0.8501
vn -0.5023 0.3015 0.8104
vn -0.5720 0.2862 0.7687
vn -0.6313 0.2707 0.7268
vn 0.6142 0.3512 0.7067
vn 0.5548 0.3700 0.7451
vn 0.4857 0.3886 0.7830
vn 0.4060 0.4060 0.8187
vn 0.3161 0.4213 0.8501
vn 0.2168 0.4333 0.8748
vn 0.1103 0.4410 0.8907
vn -0.0000 0.4436 0.8962
vn -0.1103 0.4410 0.8907
vn -0.2168 0.4333 0.8748
vn -0.3161 0.4213 0.8501
vn -0.4060 0.4060 0.8187
vn -0.4857 0.3886 0.7830
vn -0.5548 0.3700 0.7451
vn -0.6142 0.3512 0.7067
vn 0.5941 0.4245 0.6832
vn 0.5348 0.4458 0.7178
vn 0.4665 0.4665 0.7516
vn 0.3886 0.4857 0.7830
vn 0.3015 0.5023 0.8104
vn 0.2063 0.5153 0.8318
vn 0.1048 0.5236 0.8455
vn -0.0000 0.5264 0.8502
vn -0.1048 0.5236 0.8455
vn -0.2063 0.5153 0.8318
vn -0.3015 0.5023 0.8104
vn -0.3886 0.4857 0.7830
vn -0.4665 0.4665 0.7516
vn -0.5348 0.4458 0.7178
vn -0.5941 0.4245 0.6832
vn 0.5721 0.4904 0.6574
vn 0.5131 0.5131 0.6882
vn 0.4458 0.5348 0.7178
vn 0.3700 0.5548 0.7451
vn 0.2862 0.5720 0.7687
vn 0.1953 0.5853 0.7869
vn 0.0991 0.5937 0.7985
vn -0.0000 0.5966 0.8025
vn -0.0991 0.5937 0.7985
vn -0.1953 0.5853 0.7869
vn -0.2862 0.5720 0.7687
vn -0.3700 0.5548 0.7451
vn -0.4458 0.5348 0.7178
vn -0.5131 0.5131 0.6882
vn -0.5721 0.4904 0.6574
vn 0.5489 0.5489 0.6305
vn 0.4904 0.5721 0.6574
vn 0.4245 0.5941 0.6832
vn 0.3512 0.6142 0.7067
vn 0.2707 0.6313 0.7268
vn 0.1843 0.6444 0.7422
vn 0.0933 0.6526 0.7519
vn -0.0000 0.6554 0.7553
vn -0.0933 0.6526 0.7519
vn -0.1843 0.6444 0.7422
vn -0.2707 0.6313 0.7268
vn -0.3512 0.6142 0.7067
vn -0.4245 0.5941 0.6832
vn -0.4904 0.5721 0.6574
vn -0.5489 0.5489 0.6305
vn 0.6305 -0.5489 -0.5489
vn 0.6574 -0.5721 -0.4904
vn 0.6832 -0.5941 -0.4245
vn 0.7067 -0.6142 -0.3512
vn 0.7268 -0.6313 -0.2707
vn 0.7422 -0.6444 -0.1843
vn 0.7519 -0.6526 -0.0933
vn 0.7553 -0.6554 -0.0000
vn 0.7519 -0.6526 0.0933
vn 0.7422 -0.6444 0.1843
vn 0.7268 -0.6313 0.2707
vn 0.7067 -0.6142 0.3512
vn 0.6832 -0.5941 0.4245
vn 0.6574 -0.5721 0.4904
vn 0.6305 -0.5489 0.5489
vn 0.6574 -0.4904 -0.5721
vn 0.6882 -0.5131 -0.5131
vn 0.7178 -0.5348 -0.4458
vn 0.7451 -0.5548 -0.3700
vn 0.7687 -0.5720 -0.2862
vn 0.7869 -0.5853 -0.1953
vn 0.7985 -0.5937 -0.0991
vn 0.8025 -0.5966 -0.0000
vn 0.7985 -0.5937 0.0991
vn 0.7869 -0.5853 0.1953
vn 0.7687 -0.5720 0.2862
vn 0.7451 -0.5548 0.3700
vn 0.7178 -0.5348 0.4458
vn 0.6882 -0.5131 0.5131
vn 0.6574 -0.4904 0.5721
vn 0.6832 -0.4245 -0.5941
vn 0.7178 -0.4458 -0.5348
vn 0.7516 -0.4665 -0.4665
vn 0.7830 -0.4857 -0.3886
vn 0.8104 -0.5023 -0.3015
vn 0.8318 -0.5153 -0.2063
vn 0.8455 -0.5236 -0.1048
vn 0.8502 -0.5264 -0.0000
vn 0.8455 -0.5236 0.1048
vn 0.8318 -0.5153 0.2063
vn 0.8104 -0.5023 0.3015
vn 0.7830 -0.4857 0.3886
vn 0.7516 -0.4665 0.4665
vn 0.7178 -0.4458 0.5348
vn 0.6832 -0.4245 0.5941
vn 0.7067 -0.3512 -0.6142
vn 0.7451 -0.3700 -0.5548
vn 0.7830 -0.3886 -0.4857
vn 0.8187 -0.4060 -0.4060
vn 0.8501 -0.4213 -0.3161
vn 0.8748 -0.4333 -0.2168
vn 0.8907 -0.4410 -0.1103
vn 0.8962 -0.4436 -0.0000
vn 0.8907 -0.4410 0.1103
vn 0.8748 -0.4333 0.2168
vn 0.8501 -0.4213 0.3161
vn 0.8187 -0.4060 0.4060
vn 0.7830 -0.3886 0.4857
vn 0.7451 -0.3700 0.5548
vn 0.7067 -0.3512 0.6142
vn 0.7268 -0.2707 -0.6313
vn 0.7687 -0.2862 -0.5720
vn 0.8104 -0.3015 -0.5023
vn 0.8501 -0.3161 -0.4213
vn 0.8852 -0.3289 -0.3289
vn 0.9132 -0.3391 -0.2261
vn 0.9313 -0.3456 -0.1153
vn 0.9375 -0.3479 -0.0000
vn 0.9313 -0.3456 0.1153
vn 0.9132 -0.3391 0.2261
vn 0.8852 -0.3289 0.3289
vn 0.8501 -0.3161 0.4213
vn 0.8104 -0.3015 0.5023
vn 0.7687 -0.2862 0.5720
vn 0.7268 -0.2707 0.6313
vn 0.7422 -0.1843 -0.6444
vn 0.7869 -0.1953 -0.5853
vn 0.8318 -0.2063 -0.5153
vn 0.8748 -0.2168 -0.4333
vn 0.9132 -0.2261 -0.3391
vn 0.9439 -0.2335 -0.2335
vn 0.9638 -0.2383 -0.1192
vn 0.9708 -0.2400 -0.0000
vn 0.9638 -0.2383 0.1192
vn 0.9439 -0.2335 0.2335
vn 0.9132 -0.2261 0.3391
vn 0.8748 -0.2168 0.4333
vn 0.8318 -0.2063 0.5153
vn 0.7869 -0.1953 0.5853
vn 0.7422 -0.1843 0.6444
vn 0.7519 -0.0933 -0.6526
vn 0.7985 -0.0991 -0.5937
vn 0.8455 -0.1048 -0.5236
vn 0.8907 -0.1103 -0.4410
vn 0.9313 -0.1153 -0.3456
vn 0.9638 -0.1192 -0.2383
vn 0.9851 -0.1218 -0.1218
vn 0.9924 -0.1227 -0.0000
vn 0.9851 -0.1218 0.1218
vn 0.9638 -0.1192 0.2383
vn 0.9313 -0.1153 0.3456
vn 0.8907 -0.1103 0.4410
vn 0.8455 -0.1048 0.5236
vn 0.7985 -0.0991 0.5937
vn 0.7519 -0.0933 0.6526
vn 0.7553 -0.0000 -0.6554
vn 0.8025 -0.0000 -0.5966
vn 0.8502 -0.0000 -0.5264
vn 0.8962 -0.0000 -0.4436
vn 0.9375 -0.0000 -0.3479
vn 0.9708 -0.0000 -0.2400
vn 0.9924 -0.0000 -0.1227
vn 1.0000 -0.0000 -0.0000
vn 0.9924 -0.0000 0.1227
vn 0.9708 -0.0000 0.2400
vn 0.9375 -0.0000 0.3479
vn 0.8962 -0.0000 0.4436
vn 0.8502 -0.0000 0.5264
vn 0.8025 -0.0000 0.5966
vn 0.7553 -0.0000 0.6554
vn 0.7519 0.0933 -0.6526
vn 0.7985 0.0991 -0.5937
vn 0.8455 0.1048 -0.5236
vn 0.8907 0.1103 -0.4410
vn 0.9313 0.1153 -0.3456
vn 0.9638 0.1192 -0.2383
vn 0.9851 0.1218 -0.1218
vn 0.9924 0.1227 -0.0000
vn 0.9851 0.1218 0.1218
vn 0.9638 0.1192 0.2383
vn 0.9313 0.1153 0.3456
vn 0.8907 0.1103 0.4410
vn 0.8455 0.1048 0.5236
vn 0.7985 0.0991 0.5937
vn 0.7519 0.0933 0.6526
vn 0.7422 0.1843 -0.6444
vn 0.7869 0.1953 -0.5853
vn 0.8318 0.2063 -0.5153
vn 0.8748 0.2168 -0.4333
vn 0.9132 0.2261 -0.3391
vn 0.9439 0.2335 -0.2335
vn 0.9638 0.2383 -0.1192
vn 0.9708 0.2400 -0.0000
vn 0.9638 0.2383 0.1192
vn 0.9439 0.2335 0.2335
vn 0.9132 0.2261 0.3391
vn 0.8748 0.2168 0.4333
vn 0.8318 0.2063 0.5153
vn 0.7869 0.1953 0.5853
vn 0.7422 0.1843 0.6444
vn 0.7268 0.2707 -0.6313
vn 0.7687 0.2862 -0.5720
vn 0.8104 0.3015 -0.5023
vn 0.8501 0.3161 -0.4213
vn 0.8852 0.3289 -0.3289
vn 0.9132 0.3391 -0.2261
vn 0.9313 0.3456 -0.1153
vn 0.9375 0.3479 -0.0000
vn 0.9313 0.3456 0.1153
vn 0.9132 0.3391 0.2261
vn 0.8852 0.3289 0.3289
vn 0.8501 0.3161 0.4213
vn 0.8104 0.3015 0.5023
vn 0.7687 0.2862 0.5720
vn 0.7268 0.2707 0.6313
vn 0.7067 0.3512 -0.6142
vn 0.7451 0.3700 -0.5548
vn 0.7830 0.3886 -0.4857
vn 0.8187 0.4060 -0.4060
vn 0.8501 0.4213 -0.3161
vn 0.8748 0.4333 -0.2168
vn 0.8907 0.4410 -0.1103
vn 0.8962 0.4436 -0.0000
vn 0.8907 0.4410 0.1103
vn 0.8748 0.4333 0.2168
vn 0.8501 0.4213 0.3161
vn 0.8187 0.4060 0.4060
vn 0.7830 0.3886 0.4857
vn 0.7451 0.3700 0.5548
vn 0.7067 0.3512 0.6142
vn 0.6832 0.4245 -0.5941
vn 0.7178 0.4458 -0.5348
vn 0.7516 0.4665 -0.4665
vn 0.7830 0.4857 -0.3886
vn 0.8104 0.5023 -0.3015
vn 0.8318 0.5153 -0.2063
vn 0.8455 0.5236 -0.1048
vn 0.8502 0.5264 -0.0000
vn 0.8455 0.5236 0.1048
vn 0.8318 0.5153 0.2063
vn 0.8104 0.5023 0.3015
vn 0.7830 0.4857 0.3886
vn 0.7516 0.4665 0.4665
vn 0.7178 0.4458 0.5348
vn 0.6832 0.4245 0.5941
vn 0.6574 0.4904 -0.5721
vn 0.6882 0.5131 -0.5131
vn 0.7178 0.5348 -0.4458
vn 0.7451 0.5548 -0.3700
vn 0.7687 0.5720 -0.2862
vn 0.7869 0.5853 -0.1953
vn 0.7985 0.5937 -0.0991
vn 0.8025 0.5966 -0.0000
vn 0.7985 0.5937 0.0991
vn 0.7869 0.5853 0.1953
vn 0.7687 0.5720 0.2862
vn 0.7451 0.5548 0.3700
vn 0.7178 0.5348 0.4458
vn 0.6882 0.5131 0.5131
vn 0.6574 0.4904 0.5721
vn 0.6305 0.5489 -0.5489
vn 0.6574 0.5721 -0.4904
vn 0.6832 0.5941 -0.4245
vn 0.7067 0.6142 -0.3512
vn 0.7268 0.6313 -0.2707
vn 0.7422 0.6444 -0.1843
vn 0.7519 0.6526 -0.0933
vn 0.7553 0.6554 -0.0000
vn 0.7519 0.6526 0.0933
vn 0.7422 0.6444 0.1843
vn 0.7268 0.6313 0.2707
vn 0.7067 0.6142 0.3512
vn 0.6832 0.5941 0.4245
vn 0.6574 0.5721 0.4904
vn 0.6305 0.5489 0.5489
vn -0.5489 -0.5489 -0.6305
vn -0.4904 -0.5721 -0.6574
vn -0.4245 -0.5941 -0.6832
vn -0.3512 -0.6142 -0.7067
vn -0.2707 -0.6313 -0.7268
vn -0.1843 -0.6444 -0.7422
vn -0.0933 -0.6526 -0.7519
vn -0.0000 -0.6554 -0.7553
vn 0.0933 -0.6526 -0.7519
vn 0.1843 -0.6444 -0.7422
vn 0.2707 -0.6313 -0.7268
vn 0.3512 -0.6142 -0.7067
vn 0.4245 -0.5941 -0.6832
vn 0.4904 -0.5721 -0.6574
vn 0.5489 -0.5489 -0.6305
vn -0.5721 -0.4904 -0.6574
vn -0.5131 -0.5131 -0.6882
vn -0.4458 -0.5348 -0.7178
vn -0.3700 -0.5548 -0.7451
vn -0.2862 -0.5720 -0.7687
vn -0.1953 -0.5853 -0.7869
vn -0.0991 -0.5937 -0.7985
vn -0.0000 -0.5966 -0.8025
vn 0.0991 -0.5937 -0.7985
vn 0.1953 -0.5853 -0.7869
vn 0.2862 -0.5720 -0.7687
vn 0.3700 -0.5548 -0.7451
vn 0.4458 -0.5348 -0.7178
vn 0.5131 -0.5131 -0.6882
vn 0.5721 -0.4904 -0.6574
vn -0.5941 -0.4245 -0.6832
vn -0.5348 -0.4458 -0.7178
vn -0.4665 -0.4665 -0.7516
vn -0.3886 -0.4857 -0.7830
vn -0.3015 -0.5023 -0.8104
vn -0.2063 -0.5153 -0.8318
vn -0.1048 -0.5236 -0.8455
vn -0.0000 -0.5264 -0.8502
vn 0.1048 -0.5236 -0.8455
vn 0.2063 -0.5153 -0.8318
vn 0.3015 -0.5023 -0.8104
vn 0.3886 -0.4857 -0.7830
vn 0.4665 -0.4665 -0.7516
vn 0.5348 -0.4458 -0.7178
vn 0.5941 -0.4245 -0.6832
vn -0.6142 -0.3512 -0.7067
vn -0.5548 -0.3700 -0.7451
vn -0.4857 -0.3886 -0.7830
vn -0.4060 -0.4060 -0.8187
vn -0.3161 -0.4213 -0.8501
vn -0.2168 -0.4333 -0.8748
vn -0.1103 -0.4410 -0.8907
vn -0.0000 -0.4436 -0.8962
vn 0.1103 -0.4410 -0.8907
vn 0.2168 -0.4333 -0.8748
vn 0.3161 -0.4213 -0.8501
vn 0.4060 -0.4060 -0.8187
vn 0.4857 -0.3886 -0.7830
vn 0.5548 -0.3700 -0.7451
vn 0.6142 -0.3512 -0.7067
vn -0.6313 -0.2707 -0.7268
vn -0.5720 -0.2862 -0.7687
vn -0.5023 -0.3015 -0.8104
vn -0.4213 -0.3161 -0.8501
vn -0.3289 -0.3289 -0.8852
vn -0.2261 -0.3391 -0.9132
vn -0.1153 -0.3456 -0.9313
vn -0.0000 -0.3479 -0.9375
vn 0.1153 -0.3456 -0.9313
vn 0.2261 -0.3391 -0.9132
vn 0.3289 -0.3289 -0.8852
vn 0.4213 -0.3161 -0.8501
vn 0.5023 -0.3015 -0.8104
vn 0.5720 -0.2862 -0.7687
vn 0.6313 -0.2707 -0.7268
vn -0.6444 -0.1843 -0.7422
vn -0.5853 -0.1953 -0.7869
vn -0.5153 -0.2063 -0.8318
vn -0.4333 -0.2168 -0.8748
vn -0.3391 -0.2261 -0.9132
vn -0.2335 -0.2335 -0.9439
vn -0.1192 -0.2383 -0.9638
vn -0.0000 -0.2400 -0.9708
vn 0.1192 -0.2383 -0.9638
vn 0.2335 -0.2335 -0.9439
vn 0.3391 -0.2261 -0.9132
vn 0.4333 -0.2168 -0.8748
vn 0.5153 -0.2063 -0.8318
vn 0.5853 -0.1953 -0.7869
vn 0.6444 -0.1843 -0.7422
vn -0.6526 -0.0933 -0.7519
vn -0.5937 -0.0991 -0.7985
vn -0.5236 -0.1048 -0.8455
vn -0.4410 -0.1103 -0.8907
vn -0.3456 -0.1153 -0.9313
vn -0.2383 -0.1192 -0.9638
vn -0.1218 -0.1218 -0.9851
vn -0.0000 -0.1227 -0.9924
vn 0.1218 -0.1218 -0.9851
vn 0.2383 -0.1192 -0.9638
vn 0.3456 -0.1153 -0.9313
vn 0.4410 -0.1103 -0.8907
vn 0.5236 -0.1048 -0.8455
vn 0.5937 -0.0991 -0.7985
vn 0.6526 -0.0933 -0.7519
vn -0.6554 -0.0000 -0.7553
vn -0.5966 -0.0000 -0.8025
vn -0.5264 -0.0000 -0.8502
vn -0.4436 -0.0000 -0.8962
vn -0.3479 -0.0000 -0.9375
vn -0.2400 -0.0000 -0.9708
vn -0.1227 -0.0000 -0.9924
vn -0.0000 -0.0000 -1.0000
vn 0.1227 -0.0000 -0.9924
vn 0.2400 -0.0000 -0.9708
vn 0.3479 -0.0000 -0.9375
vn 0.4436 -0.0000 -0.8962
vn 0.5264 -0.0000 -0.8502
vn 0.5966 -0.0000 -0.8025
vn 0.6554 -0.0000 -0.7553
vn -0.6526 0.0933 -0.7519
vn -0.5937 0.0991 -0.7985
vn -0.5236 0.1048 -0.8455
vn -0.4410 0.1103 -0.8907
vn -0.3456 0.1153 -0.9313
vn -0.2383 0.1192 -0.9638
vn -0.1218 0.1218 -0.9851
vn -0.0000 0.1227 -0.9924
vn 0.1218 0.1218 -0.9851
vn 0.2383 0.1192 -0.9638
vn 0.3456 0.1153 -0.9313
vn 0.4410 0.1103 -0.8907
vn 0.5236 0.1048 -0.8455
vn 0.5937 0.0991 -0.7985
vn 0.6526 0.0933 -0.7519
vn -0.6444 0.1843 -0.7422
vn -0.5853 0.1953 -0.7869
vn -0.5153 0.2063 -0.8318
vn -0.4333 0.2168 -0.8748
vn -0.3391 0.2261 -0.9132
vn -0.2335 0.2335 -0.9439
vn -0.1192 0.2383 -0.9638
vn -0.0000 0.2400 -0.9708
vn 0.1192 0.2383 -0.9638
vn 0.2335 0.2335 -0.9439
vn 0.3391 0.2261 -0.9132
vn 0.4333 0.2168 -0.8748
vn 0.5153 0.2063 -0.8318
vn 0.5853 0.1953 -0.7869
vn 0.6444 0.1843 -0.7422
vn -0.6313 0.2707 -0.7268
vn -0.5720 0.2862 -0.7687
vn -0.5023 0.3015 -0.8104
vn -0.4213 0.3161 -0.8501
vn -0.3289 0.3289 -0.8852
vn -0.2261 0.3391 -0.9132
vn -0.1153 0.3456 -0.9313
vn -0.0000 0.3479 -0.9375
vn 0.1153 0.3456 -0.9313
vn 0.2261 0.3391 -0.9132
vn 0.3289 0.3289 -0.8852
vn 0.4213 0.3161 -0.8501
vn 0.5023 0.3015 -0.8104
vn 0.5720 0.2862 -0.7687
vn 0.6313 0.2707 -0.7268
vn -0.6142 0.3512 -0.7067
vn -0.5548 0.3700 -0.7451
vn -0.4857 0.3886 -0.7830
vn -0.4060 0.4060 -0.8187
vn -0.3161 0.4213 -0.8501
vn -0.2168 0.4333 -0.8748
vn -0.1103 0.4410 -0.8907
vn -0.0000 0.4436 -0.8962
vn 0.1103 0.4410 -0.8907
vn 0.2168 0.4333 -0.8748
vn 0.3161 0.4213 -0.8501
vn 0.4060 0.4060 -0.8187
vn 0.4857 0.3886 -0.7830
vn 0.5548 0.3700 -0.7451
vn 0.6142 0.3512 -0.7067
vn -0.5941 0.4245 -0.6832
vn -0.5348 0.4458 -0.7178
vn -0.4665 0.4665 -0.7516
vn -0.3886 0.4857 -0.7830
vn -0.3015 0.5023 -0.8104
vn -0.2063 0.5153 -0.8318
vn -0.1048 0.5236 -0.8455
vn -0.0000 0.5264 -0.8502
vn 0.1048 0.5236 -0.8455
vn 0.2063 0.5153 -0.8318
vn 0.3015 0.5023 -0.8104
vn 0.3886 0.4857 -0.7830
vn 0.4665 0.4665 -0.7516
vn 0.5348 0.4458 -0.7178
vn 0.5941 0.4245 -0.6832
vn -0.5721 0.4904 -0.6574
vn -0.5131 0.5131 -0.6882
vn -0.4458 0.5348 -0.7178
vn -0.3700 0.5548 -0.7451
vn -0.2862 0.5720 -0.7687
vn -0.1953 0.5853 -0.7869
vn -0.0991 0.5937 -0.7985
vn -0.0000 0.5966 -0.8025
vn 0.0991 0.5937 -0.7985
vn 0.1953 0.5853 -0.7869
vn 0.2862 0.5720 -0.7687
vn 0.3700 0.5548 -0.7451
vn 0.4458 0.5348 -0.7178
vn 0.5131 0.5131 -0.6882
vn 0.5721 0.4904 -0.6574
vn -0.5489 0.5489 -0.6305
vn -0.4904 0.5721 -0.6574
vn -0.4245 0.5941 -0.6832
vn -0.3512 0.6142 -0.7067
vn -0.2707 0.6313 -0.7268
vn -0.1843 0.6444 -0.7422
vn -0.0933 0.6526 -0.7519
vn -0.0000 0.6554 -0.7553
vn 0.0933 0.6526 -0.7519
vn 0.1843 0.6444 -0.7422
vn 0.2707 0.6313 -0.7268
vn 0.3512 0.6142 -0.7067
vn 0.4245 0.5941 -0.6832
vn 0.4904 0.5721 -0.6574
vn 0.5489 0.5489 -0.6305
vn -0.6305 -0.5489 0.5489
vn -0.6574 -0.5721 0.4904
vn -0.6832 -0.5941 0.4245
vn -0.7067 -0.6142 0.3512
vn -0.7268 -0.6313 0.2707
vn -0.7422 -0.6444 0.1843
vn -0.7519 -0.6526 0.0933
vn -0.7553 -0.6554 -0.0000
vn -0.7519 -0.6526 -0.0933
vn -0.7422 -0.6444 -0.1843
vn -0.7268 -0.6313 -0.2707
vn -0.7067 -0.6142 -0.3512
vn -0.6832 -0.5941 -0.4245
vn -0.6574 -0.5721 -0.4904
vn -0.6305 -0.5489 -0.5489
vn -0.6574 -0.4904 0.5721
vn -0.6882 -0.5131 0.5131
vn -0.7178 -0.5348 0.4458
vn -0.7451 -0.5548 0.3700
vn -0.7687 -0.5720 0.2862
vn -0.7869 -0.5853 0.1953
vn -0.7985 -0.5937 0.0991
vn -0.8025 -0.5966 -0.0000
vn -0.7985 -0.5937 -0.0991
vn -0.7869 -0.5853 -0.1953
vn -0.7687 -0.5720 -0.2862
vn -0.7451 -0.5548 -0.3700
vn -0.7178 -0.5348 -0.4458
vn -0.6882 -0.5131 -0.5131
vn -0.6574 -0.4904 -0.5721
vn -0.6832 -0.4245 0.5941
vn -0.7178 -0.4458 0.5348
vn -0.7516 -0.4665 0.4665
vn -0.7830 -0.4857 0.3886
vn -0.8104 -0.5023 0.3015
vn -0.8318 -0.5153 0.2063
vn -0.8455 -0.5236 0.1048
vn -0.8502 -0.5264 -0.0000
vn -0.8455 -0.5236 -0.1048
vn -0.8318 -0.5153 -0.2063
vn -0.8104 -0.5023 -0.3015
vn -0.7830 -0.4857 -0.3886
vn -0.7516 -0.4665 -0.4665
vn -0.7178 -0.4458 -0.5348
vn -0.6832 -0.4245 -0.5941
vn -0.7067 -0.3512 0.6142
vn -0.7451 -0.3700 0.5548
vn -0.7830 -0.3886 0.4857
vn -0.8187 -0.4060 0.4060
vn -0.8501 -0.4213 0.3161
vn -0.8748 -0.4333 0.2168
vn -0.8907 -0.4410 0.1103
vn -0.8962 -0.4436 -0.0000
vn -0.8907 -0.4410 -0.1103
vn -0.8748 -0.4333 -0.2168
vn -0.8501 -0.4213 -0.3161
vn -0.8187 -0.4060 -0.4060
vn -0.7830 -0.3886 -0.4857
vn -0.7451 -0.3700 -0.5548
vn -0.7067 -0.3512 -0.6142
vn -0.7268 -0.2707 0.6313
vn -0.7687 -0.2862 0.5720
vn -0.8104 -0.3015 0.5023
vn -0.8501 -0.3161 0.4213
vn -0.8852 -0.3289 0.3289
vn -0.9132 -0.3391 0.2261
vn -0.9313 -0.3456 0.1153
vn -0.9375 -0.3479 -0.0000
vn -0.9313 -0.3456 -0.1153
vn -0.9132 -0.3391 -0.2261
vn -0.8852 -0.3289 -0.3289
vn -0.8501 -0.3161 -0.4213
vn -0.8104 -0.3015 -0.5023
vn -0.7687 -0.2862 -0.5720
vn -0.7268 -0.2707 -0.6313
vn -0.7422 -0.1843 0.6444
vn -0.7869 -0.1953 0.5853
vn -0.8318 -0.2063 0.5153
vn -0.8748 -0.2168 0.4333
vn -0.9132 -0.2261 0.3391
vn -0.9439 -0.2335 0.2335
vn -0.9638 -0.2383 0.1192
vn -0.9708 -0.2400 -0.0000
vn -0.9638 -0.2383 -0.1192
vn -0.9439 -0.2335 -0.2335
vn -0.9132 -0.2261 -0.3391
vn -0.8748 -0.2168 -0.4333
vn -0.8318 -0.2063 -0.5153
vn -0.7869 -0.1953 -0.5853
vn -0.7422 -0.1843 -0.6444
vn -0.7519 -0.0933 0.6526
vn -0.7985 -0.0991 0.5937
vn -0.8455 -0.1048 0.5236
vn -0.8907 -0.1103 0.4410
vn -0.9313 -0.1153 0.3456
vn -0.9638 -0.1192 0.2383
vn -0.9851 -0.1218 0.1218
vn -0.9924 -0.1227 -0.0000
vn -0.9851 -0.1218 -0.1218
vn -0.9638 -0.1192 -0.2383
vn -0.9313 -0.1153 -0.3456
vn -0.8907 -0.1103 -0.4410
vn -0.8455 -0.1048 -0.5236
vn -0.7985 -0.0991 -0.5937
vn -0.7519 -0.0933 -0.6526
vn -0.7553 -0.0000 0.6554
vn -0.8025 -0.0000 0.5966
vn -0.8502 -0.0000 0.5264
vn -0.8962 -0.0000 0.4436
vn -0.9375 -0.0000 0.3479
vn -0.9708 -0.0000 0.2400
vn -0.9924 -0.0000 0.1227
vn -1.0000 -0.0000 -0.0000
vn -0.9924 -0.0000 -0.1227
vn -0.9708 -0.0000 -0.2400
vn -0.9375 -0.0000 -0.3479
vn -0.8962 -0.0000 -0.4436
vn -0.8502 -0.0000 -0.5264
vn -0.8025 -0.0000 -0.5966
vn -0.7553 -0.0000 -0.6554
vn -0.7519 0.0933 0.6526
vn -0.7985 0.0991 0.5937
vn -0.8455 0.1048 0.5236
vn -0.8907 0.1103 0.4410
vn -0.9313 0.1153 0.3456
vn -0.9638 0.1192 0.2383
vn -0.9851 0.1218 0.1218
vn -0.9924 0.1227 -0.0000
vn -0.9851 0.1218 -0.1218
vn -0.9638 0.1192 -0.2383
vn -0.9313 0.1153 -0.3456
vn -0.8907 0.1103 -0.4410
vn -0.8455 0.1048 -0.5236
vn -0.7985 0.0991 -0.5937
vn -0.7519 0.0933 -0.6526
vn -0.7422 0.1843 0.6444
vn -0.7869 0.1953 0.5853
vn -0.8318 0.2063 0.5153
vn -0.8748 0.2168 0.4333
vn -0.9132 0.2261 0.3391
vn -0.9439 0.2335 0.2335
vn -0.9638 0.2383 0.1192
vn -0.9708 0.2400 -0.0000
vn -0.9638 0.2383 -0.1192
vn -0.9439 0.2335 -0.2335
vn -0.9132 0.2261 -0.3391
vn -0.8748 0.2168 -0.4333
vn -0.8318 0.2063 -0.5153
vn -0.7869 0.1953 -0.5853
vn -0.7422 0.1843 -0.6444
vn -0.7268 0.2707 0.6313
vn -0.7687 0.2862 0.5720
vn -0.8104 0.3015 0.5023
vn -0.8501 0.3161 0.4213
vn -0.8852 0.3289 0.3289
vn -0.9132 0.3391 0.2261
vn -0.9313 0.3456 0.1153
vn -0.9375 0.3479 -0.0000
vn -0.9313 0.3456 -0.1153
vn -0.9132 0.3391 -0.2261
vn -0.8852 0.3289 -0.3289
vn -0.8501 0.3161 -0.4213
vn -0.8104 0.3015 -0.5023
vn -0.7687 0.2862 -0.5720
vn -0.7268 0.2707 -0.6313
vn -0.7067 0.3512 0.6142
vn -0.7451 0.3700 0.5548
vn -0.7830 0.3886 0.4857
vn -0.8187 0.4060 0.4060
vn -0.8501 0.4213 0.3161
vn -0.8748 0.4333 0.2168
vn -0.8907 0.4410 0.1103
vn -0.8962 0.4436 -0.0000
vn -0.8907 0.4410 -0.1103
vn -0.8748 0.4333 -0.2168
vn -0.8501 0.4213 -0.3161
vn -0.8187 0.4060 -0.4060
vn -0.7830 0.3886 -0.4857
vn -0.7451 0.3700 -0.5548
vn -0.7067 0.3512 -0.6142
vn -0.6832 0.4245 0.5941
vn -0.7178 0.4458 0.5348
vn -0.7516 0.4665 0.4665
vn -0.7830 0.4857 0.3886
vn -0.8104 0.5023 0.3015
vn -0.8318 0.5153 0.2063
vn -0.8455 0.5236 0.1048
vn -0.8502 0.5264 -0.0000
vn -0.8455 0.5236 -0.1048
vn -0.8318 0.5153 -0.2063
vn -0.8104 0.5023 -0.3015
vn -0.7830 0.4857 -0.3886
vn -0.7516 0.4665 -0.4665
vn -0.7178 0.4458 -0.5348
vn -0.6832 0.4245 -0.5941
vn -0.6574 0.4904 0.5721
vn -0.6882 0.5131 0.5131
vn -0.7178 0.5348 0.4458
vn -0.7451 0.5548 0.3700
vn -0.7687 0.5720 0.2862
vn -0.7869 0.5853 0.1953
vn -0.7985 0.5937 0.0991
vn -0.8025 0.5966 -0.0000
vn -0.7985 0.5937 -0.0991
vn -0.7869 0.5853 -0.1953
vn -0.7687 0.5720 -0.2862
vn -0.7451 0.5548 -0.3700
vn -0.7178 0.5348 -0.4458
vn -0.6882 0.5131 -0.5131
vn -0.6574 0.4904 -0.5721
vn -0.6305 0.5489 0.5489
vn -0.6574 0.5721 0.4904
vn -0.6832 0.5941 0.4245
vn -0.7067 0.6142 0.3512
vn -0.7268 0.6313 0.2707
vn -0.7422 0.6444 0.1843
vn -0.7519 0.6526 0.0933
vn -0.7553 0.6554 -0.0000
vn -0.7519 0.6526 -0.0933
vn -0.7422 0.6444 -0.1843
vn -0.7268 0.6313 -0.2707
vn -0.7067 0.6142 -0.3512
vn -0.6832 0.5941 -0.4245
vn -0.6574 0.5721 -0.4904
vn -0.6305 0.5489 -0.5489
vt 0.955821 0.914816
vt 0.953259 0.931374
vt 0.938549 0.921445
vt 0.941576 0.904415
vt 0.684584 0.722385
vt 0.679598 0.747278
vt 0.673212 0.725154
vt 0.677781 0.699976
vt 0.475141 0.590406
vt 0.475899 0.621015
vt 0.466714 0.608927
vt 0.465720 0.578925
vt 0.264835 0.782836
vt 0.270777 0.805111
vt 0.258438 0.805218
vt 0.252708 0.783364
vt 0.434704 0.062453
vt 0.453259 0.068626
vt 0.438549 0.078555
vt 0.420909 0.073838
vt 0.264959 0.826832
vt 0.251789 0.825454
vt 0.467782 0.639849
vt 0.458519 0.626226
vt 0.458723 0.659749
vt 0.449480 0.644408
vt 0.448617 0.680464
vt 0.439526 0.663252
vt 0.437369 0.701620
vt 0.428600 0.682443
vt 0.424905 0.722714
vt 0.416674 0.701569
vt 0.411196 0.743139
vt 0.403755 0.720147
vt 0.396280 0.762239
vt 0.389904 0.737659
vt 0.380285 0.779388
vt 0.375248 0.753611
vt 0.363442 0.794082
vt 0.359981 0.767593
vt 0.346083 0.806003
vt 0.344359 0.779331
vt 0.328605 0.815057
vt 0.328675 0.788710
vt 0.311423 0.821357
vt 0.313228 0.795771
vt 0.294912 0.825172
vt 0.298293 0.800683
vt 0.279362 0.826865
vt 0.284091 0.803699
vt 0.668154 0.750564
vt 0.662277 0.726935
vt 0.655582 0.753020
vt 0.650407 0.727898
vt 0.641889 0.754343
vt 0.637625 0.727810
vt 0.627145 0.754203
vt 0.624005 0.726434
vt 0.611506 0.752282
vt 0.609680 0.723547
vt 0.595211 0.748310
vt 0.594839 0.718980
vt 0.578576 0.742129
vt 0.579723 0.712650
vt 0.561956 0.733729
vt 0.564599 0.704582
vt 0.545706 0.723275
vt 0.549735 0.694925
vt 0.530135 0.711088
vt 0.535374 0.683937
vt 0.515476 0.697604
vt 0.521710 0.671949
vt 0.501877 0.683306
vt 0.508877 0.659330
vt 0.489402 0.668659
vt 0.496953 0.646435
vt 0.478052 0.654068
vt 0.485965 0.633579
vt 0.686930 0.770166
vt 0.674990 0.775193
vt 0.661682 0.779414
vt 0.646977 0.782446
vt 0.630934 0.783853
vt 0.613727 0.783185
vt 0.595666 0.780042
vt 0.577174 0.774155
vt 0.558738 0.765457
vt 0.540838 0.754124
vt 0.523874 0.740562
vt 0.508125 0.725338
vt 0.493737 0.709088
vt 0.480746 0.692417
vt 0.469106 0.675841
vt 0.695397 0.793452
vt 0.683009 0.800421
vt 0.668955 0.806654
vt 0.653142 0.811680
vt 0.635589 0.814941
vt 0.616488 0.815827
vt 0.596235 0.813768
vt 0.575419 0.808345
vt 0.554734 0.799403
vt 0.534848 0.787125
vt 0.516286 0.772018
vt 0.499366 0.754821
vt 0.484210 0.736357
vt 0.470788 0.717408
vt 0.458979 0.698619
vt 0.705224 0.816650
vt 0.692494 0.825691
vt 0.677734 0.834111
vt 0.660739 0.841353
vt 0.641438 0.846723
vt 0.620009 0.849430
vt 0.596967 0.848697
vt 0.573162 0.843912
vt 0.549626 0.834801
vt 0.527326 0.821544
vt 0.506947 0.804768
vt 0.488825 0.785414
vt 0.472997 0.764538
vt 0.459310 0.743124
vt 0.447522 0.721964
vt 0.716669 0.839162
vt 0.703798 0.850295
vt 0.688469 0.860955
vt 0.670282 0.870506
vt 0.648979 0.878119
vt 0.624647 0.882812
vt 0.597943 0.883575
vt 0.570152 0.879572
vt 0.542902 0.870382
vt 0.517646 0.856170
vt 0.495266 0.837692
vt 0.476024 0.816119
vt 0.459753 0.792764
vt 0.446084 0.768829
vt 0.434598 0.745263
vt 0.730017 0.860322
vt 0.717345 0.873417
vt 0.701753 0.886199
vt 0.682526 0.897963
vt 0.659019 0.907758
vt 0.631023 0.914418
vt 0.599311 0.916704
vt 0.565940 0.913549
vt 0.533689 0.904372
vt 0.504841 0.889314
vt 0.480423 0.869255
vt 0.460379 0.845594
vt 0.444113 0.819899
vt 0.430907 0.793588
vt 0.420111 0.767758
vt 0.745544 0.879454
vt 0.733611 0.894220
vt 0.718350 0.908807
vt 0.698577 0.922460
vt 0.672907 0.934128
vt 0.640299 0.942496
vt 0.601363 0.946131
vt 0.559637 0.943768
vt 0.520409 0.934684
vt 0.487387 0.918988
vt 0.461330 0.897661
vt 0.441249 0.872291
vt 0.425758 0.844657
vt 0.413657 0.816360
vt 0.404046 0.788621
vt 0.763456 0.895959
vt 0.753048 0.911952
vt 0.739145 0.927846
vt 0.720000 0.942846
vt 0.692979 0.955839
vt 0.654896 0.965413
vt 0.604784 0.970014
vt 0.549224 0.968254
vt 0.500000 0.959316
vt 0.462947 0.943284
vt 0.436709 0.921189
vt 0.418092 0.894728
vt 0.404538 0.865810
vt 0.394365 0.836152
vt 0.386508 0.807059
vt 0.783786 0.909389
vt 0.775915 0.926063
vt 0.764929 0.942637
vt 0.748730 0.958298
vt 0.723211 0.971904
vt 0.680543 0.982019
vt 0.611621 0.987061
vt 0.529036 0.985617
vt 0.466305 0.976854
vt 0.428434 0.960838
vt 0.405551 0.938591
vt 0.390797 0.911813
vt 0.380655 0.882433
vt 0.373309 0.852198
vt 0.367765 0.822451
vt 0.806266 0.919506
vt 0.802013 0.936281
vt 0.795861 0.952876
vt 0.786211 0.968473
vt 0.769099 0.981949
vt 0.732158 0.991908
vt 0.631857 0.996839
vt 0.477462 0.995408
vt 0.408836 0.986831
vt 0.381827 0.971173
vt 0.368226 0.949390
vt 0.360147 0.923084
vt 0.354821 0.894090
vt 0.351052 0.864098
vt 0.348249 0.834435
vt 0.830244 0.926303
vt 0.830426 0.942638
vt 0.830694 0.958649
vt 0.831128 0.973537
vt 0.831948 0.986234
vt 0.834087 0.995448
vt 0.853569 0.999810
vt 0.321392 0.998140
vt 0.325886 0.989759
vt 0.327120 0.974738
vt 0.327697 0.953927
vt 0.328031 0.928755
vt 0.328249 0.900879
vt 0.328403 0.871860
vt 0.328517 0.842957
vt 0.854722 0.929978
vt 0.859531 0.945428
vt 0.866541 0.960379
vt 0.877652 0.974070
vt 0.897633 0.985521
vt 0.941264 0.993584
vt 1.051929 0.997079
vt 1.189681 0.995017
vt 1.321392 0.998140
vt 0.189681 0.995017
vt 0.249929 0.986848
vt 0.275432 0.972649
vt 0.288808 0.953150
vt 0.296936 0.929568
vt 0.302372 0.903337
vt 0.306255 0.875841
vt 0.309164 0.848231
vt 0.878576 0.930883
vt 0.887461 0.945129
vt 0.899998 0.958700
vt 0.918707 0.970894
vt 0.948439 0.980837
vt 0.997541 0.987546
vt 1.071028 0.990043
vt 0.051929 0.997079
vt 0.071028 0.990043
vt 0.147938 0.987533
vt 0.202064 0.979595
vt 0.234946 0.966313
vt 0.255394 0.948293
vt 0.268925 0.926539
vt 0.278414 0.902253
vt 0.285392 0.876621
vt 0.290720 0.850666
vt 0.900842 0.929456
vt 0.912756 0.942309
vt 0.928816 0.954335
vt 0.951066 0.964902
vt 0.982337 0.973254
vt 1.025138 0.978573
vt 1.077642 0.980072
vt 0.077642 0.980072
vt 0.130495 0.977134
vt 0.174003 0.969448
vt 0.205914 0.957103
vt 0.228620 0.940592
vt 0.244986 0.920727
vt 0.257106 0.898489
vt 0.266343 0.874873
vt 0.273573 0.850762
vt 0.920909 0.926162
vt 0.934704 0.937547
vt 0.952427 0.947989
vt 0.975346 0.956933
vt 1.004671 0.963742
vt 1.040610 0.967748
vt 0.025138 0.978573
vt 0.040610 0.967748
vt 0.080985 0.968332
vt 0.121147 0.965027
vt 0.156583 0.957611
vt 0.185348 0.946173
vt 0.207788 0.931110
vt 0.225141 0.913070
vt 0.238662 0.892844
vt 0.249351 0.871250
vt 0.257942 0.849037
vt 0.971344 0.940285
vt 0.993456 0.947700
vt 1.019939 0.953091
vt 0.004671 0.963742
vt 0.019939 0.953091
vt 0.050337 0.955922
vt 0.083001 0.955716
vt 0.115358 0.952123
vt 0.144974 0.944988
vt 0.170475 0.934398
vt 0.191633 0.920673
vt 0.208897 0.904325
vt 0.222942 0.885987
vt 0.234425 0.866325
vt 0.243896 0.845967
vt 0.162277 0.273065
vt 0.168154 0.249436
vt 0.179598 0.252722
vt 0.173212 0.274846
vt 0.174990 0.224807
vt 0.186930 0.229834
vt 0.183009 0.199579
vt 0.195397 0.206548
vt 0.192494 0.174309
vt 0.205224 0.183350
vt 0.203797 0.149705
vt 0.216669 0.160838
vt 0.217345 0.126583
vt 0.230017 0.139678
vt 0.233611 0.105780
vt 0.245544 0.120545
vt 0.253048 0.088048
vt 0.263456 0.104041
vt 0.275915 0.073937
vt 0.283786 0.090611
vt 0.302013 0.063719
vt 0.306266 0.080494
vt 0.330426 0.057362
vt 0.330243 0.073697
vt 0.359531 0.054572
vt 0.354722 0.070022
vt 0.387461 0.054871
vt 0.378576 0.069117
vt 0.412756 0.057691
vt 0.400842 0.070544
vt 0.966714 0.391073
vt 0.958519 0.373774
vt 0.967782 0.360151
vt 0.975899 0.378985
vt 0.978052 0.345932
vt 0.985965 0.366421
vt 0.989402 0.331341
vt 0.996953 0.353565
vt 1.001877 0.316694
vt 1.008877 0.340670
vt 0.008877 0.340670
vt 0.001877 0.316694
vt 0.015476 0.302396
vt 0.021710 0.328051
vt 0.030135 0.288912
vt 0.035374 0.316063
vt 0.045706 0.276725
vt 0.049735 0.305075
vt 0.061956 0.266271
vt 0.064599 0.295418
vt 0.078576 0.257871
vt 0.079723 0.287350
vt 0.095211 0.251690
vt 0.094839 0.281020
vt 0.111506 0.247718
vt 0.109680 0.276453
vt 0.127145 0.245797
vt 0.124005 0.273566
vt 0.141889 0.245657
vt 0.137625 0.272190
vt 0.155582 0.246980
vt 0.150407 0.272102
vt 0.949480 0.355592
vt 0.958723 0.340251
vt 0.969106 0.324159
vt 0.980746 0.307583
vt 0.993737 0.290912
vt 1.008125 0.274662
vt 1.015476 0.302396
vt 0.008125 0.274662
vt 0.023874 0.259438
vt 0.040838 0.245876
vt 0.058738 0.234543
vt 0.077174 0.225845
vt 0.095666 0.219958
vt 0.113727 0.216815
vt 0.130934 0.216147
vt 0.146977 0.217554
vt 0.161682 0.220586
vt 0.939526 0.336748
vt 0.948617 0.319536
vt 0.958979 0.301381
vt 0.970788 0.282592
vt 0.984210 0.263643
vt 0.999366 0.245179
vt 1.016286 0.227982
vt 1.023874 0.259438
vt 0.016286 0.227982
vt 0.034848 0.212875
vt 0.054734 0.200597
vt 0.075419 0.191655
vt 0.096235 0.186232
vt 0.116488 0.184173
vt 0.135589 0.185059
vt 0.153142 0.188319
vt 0.168955 0.193346
vt 0.928600 0.317557
vt 0.937369 0.298380
vt 0.947522 0.278036
vt 0.959310 0.256876
vt 0.972997 0.235462
vt 0.988825 0.214586
vt 1.006947 0.195232
vt 0.006947 0.195232
vt 0.027326 0.178456
vt 0.049626 0.165199
vt 0.073162 0.156088
vt 0.096967 0.151303
vt 0.120009 0.150570
vt 0.141438 0.153277
vt 0.160739 0.158647
vt 0.177734 0.165889
vt 0.916674 0.298431
vt 0.924905 0.277286
vt 0.934598 0.254737
vt 0.946084 0.231171
vt 0.959753 0.207236
vt 0.976024 0.183881
vt 0.995266 0.162308
vt 1.017646 0.143830
vt 1.027326 0.178456
vt 0.017646 0.143830
vt 0.042902 0.129618
vt 0.070152 0.120428
vt 0.097943 0.116425
vt 0.124647 0.117188
vt 0.148979 0.121881
vt 0.170282 0.129494
vt 0.188469 0.139045
vt 0.903755 0.279853
vt 0.911196 0.256861
vt 0.920111 0.232242
vt 0.930907 0.206412
vt 0.944113 0.180101
vt 0.960379 0.154406
vt 0.980423 0.130745
vt 1.004841 0.110686
vt 0.004841 0.110686
vt 0.033689 0.095628
vt 0.065939 0.086451
vt 0.099311 0.083296
vt 0.131023 0.085582
vt 0.159019 0.092242
vt 0.182526 0.102037
vt 0.201753 0.113801
vt 0.889904 0.262341
vt 0.896280 0.237761
vt 0.904046 0.211379
vt 0.913657 0.183640
vt 0.925758 0.155343
vt 0.941249 0.127709
vt 0.961330 0.102339
vt 0.987387 0.081012
vt 1.020409 0.065316
vt 1.033689 0.095628
vt 0.020409 0.065316
vt 0.059637 0.056232
vt 0.101363 0.053869
vt 0.140299 0.057504
vt 0.172907 0.065872
vt 0.198577 0.077540
vt 0.218350 0.091193
vt 0.875248 0.246389
vt 0.880285 0.220612
vt 0.886508 0.192941
vt 0.894365 0.163848
vt 0.904538 0.134190
vt 0.918092 0.105272
vt 0.936709 0.078811
vt 0.962947 0.056716
vt 1.000000 0.040684
vt 0.000000 0.040684
vt 0.049224 0.031746
vt 0.104784 0.029986
vt 0.154896 0.034587
vt 0.192979 0.044161
vt 0.220000 0.057154
vt 0.239145 0.072154
vt 0.859981 0.232407
vt 0.863442 0.205918
vt 0.867765 0.177549
vt 0.873309 0.147802
vt 0.880655 0.117567
vt 0.890797 0.088187
vt 0.905551 0.061409
vt 0.928434 0.039162
vt 0.966305 0.023146
vt 1.029036 0.014383
vt 1.049224 0.031746
vt 0.029036 0.014383
vt 0.111621 0.012939
vt 0.180543 0.017981
vt 0.223210 0.028096
vt 0.248730 0.041702
vt 0.264929 0.057363
vt 0.844359 0.220669
vt 0.846083 0.193997
vt 0.848249 0.165565
vt 0.851052 0.135902
vt 0.854821 0.105910
vt 0.860147 0.076916
vt 0.868226 0.050610
vt 0.881827 0.028827
vt 0.908836 0.013169
vt 0.977462 0.004592
vt 1.131857 0.003161
vt 1.111621 0.012939
vt 0.131857 0.003161
vt 0.232158 0.008092
vt 0.269099 0.018051
vt 0.286211 0.031527
vt 0.295861 0.047124
vt 0.828675 0.211290
vt 0.828605 0.184943
vt 0.828517 0.157043
vt 0.828403 0.128140
vt 0.828249 0.099121
vt 0.828031 0.071245
vt 0.827697 0.046073
vt 0.827120 0.025262
vt 0.825886 0.010241
vt 0.821392 0.001860
vt 1.353570 0.000190
vt 0.353569 0.000190
vt 0.334087 0.004552
vt 0.331948 0.013766
vt 0.331128 0.026463
vt 0.330694 0.041351
vt 0.813228 0.204229
vt 0.811423 0.178643
vt 0.809164 0.151769
vt 0.806255 0.124159
vt 0.802372 0.096663
vt 0.796936 0.070432
vt 0.788808 0.046850
vt 0.775432 0.027351
vt 0.749929 0.013152
vt 0.689681 0.004983
vt 0.551929 0.002921
vt 0.441264 0.006416
vt 0.397633 0.014479
vt 0.377652 0.025930
vt 0.366541 0.039621
vt 0.798293 0.199317
vt 0.794912 0.174828
vt 0.790720 0.149334
vt 0.785392 0.123379
vt 0.778414 0.097747
vt 0.768925 0.073461
vt 0.755394 0.051707
vt 0.734946 0.033687
vt 0.702064 0.020405
vt 0.647938 0.012467
vt 0.571028 0.009957
vt 0.497541 0.012454
vt 0.448439 0.019163
vt 0.418707 0.029106
vt 0.399998 0.041300
vt 0.784091 0.196301
vt 0.779362 0.173135
vt 0.773573 0.149238
vt 0.766343 0.125127
vt 0.757106 0.101511
vt 0.744986 0.079273
vt 0.728620 0.059408
vt 0.705914 0.042897
vt 0.674003 0.030552
vt 0.630495 0.022866
vt 0.577642 0.019928
vt 0.525138 0.021427
vt 0.482337 0.026746
vt 0.451066 0.035098
vt 0.428816 0.045665
vt 0.770777 0.194889
vt 0.764959 0.173168
vt 0.757942 0.150962
vt 0.749351 0.128750
vt 0.738662 0.107155
vt 0.725141 0.086930
vt 0.707788 0.068890
vt 0.685348 0.053827
vt 0.656583 0.042388
vt 0.621147 0.034973
vt 0.580985 0.031668
vt 0.540610 0.032252
vt 0.504671 0.036258
vt 0.475346 0.043067
vt 0.452427 0.052010
vt 0.758438 0.194782
vt 0.751789 0.174546
vt 0.743896 0.154033
vt 0.734425 0.133675
vt 0.722942 0.114013
vt 0.708897 0.095675
vt 0.691633 0.079327
vt 0.670475 0.065602
vt 0.644974 0.055012
vt 0.615358 0.047877
vt 0.583001 0.044284
vt 0.550337 0.044078
vt 0.519939 0.046909
vt 0.493456 0.052300
vt 0.471344 0.059715
vt 0.184584 0.277615
vt 0.177781 0.300024
vt 0.189710 0.305745
vt 0.182482 0.328116
vt 0.194971 0.337251
vt 0.187311 0.359178
vt 0.200361 0.372110
vt 0.192266 0.393120
vt 0.205870 0.410076
vt 0.197340 0.429665
vt 0.211490 0.450639
vt 0.202528 0.468324
vt 0.217210 0.493012
vt 0.207822 0.508398
vt 0.223017 0.536190
vt 0.213213 0.549029
vt 0.228898 0.579050
vt 0.218692 0.589279
vt 0.234837 0.620494
vt 0.224246 0.628237
vt 0.240819 0.659583
vt 0.229865 0.665117
vt 0.246826 0.695634
vt 0.235535 0.699330
vt 0.252843 0.728246
vt 0.241241 0.730512
vt 0.258852 0.757288
vt 0.246971 0.758514
vt 0.441576 0.095585
vt 0.425011 0.090632
vt 0.406174 0.087074
vt 0.385196 0.085403
vt 0.362531 0.086151
vt 0.338964 0.089834
vt 0.315491 0.096877
vt 0.293084 0.107529
vt 0.272473 0.121788
vt 0.254047 0.139371
vt 0.237892 0.159741
vt 0.223885 0.182177
vt 0.211803 0.205887
vt 0.201387 0.230110
vt 0.192389 0.254190
vt 0.444331 0.115728
vt 0.428737 0.110776
vt 0.411020 0.107174
vt 0.391244 0.105459
vt 0.369737 0.106223
vt 0.347126 0.110058
vt 0.324272 0.117463
vt 0.302090 0.128739
vt 0.281347 0.143886
vt 0.262528 0.162569
vt 0.245826 0.184140
vt 0.231211 0.207752
vt 0.218518 0.232491
vt 0.207523 0.257505
vt 0.197993 0.282096
vt 0.446847 0.139288
vt 0.432132 0.134660
vt 0.415437 0.131337
vt 0.396776 0.129881
vt 0.376380 0.130935
vt 0.354742 0.135153
vt 0.332591 0.143101
vt 0.310764 0.155121
vt 0.290028 0.171208
vt 0.270938 0.190958
vt 0.253782 0.213611
vt 0.238618 0.238184
vt 0.225348 0.263652
vt 0.213790 0.289094
vt 0.203734 0.313793
vt 0.449153 0.166463
vt 0.435236 0.162571
vt 0.419473 0.159949
vt 0.401844 0.159170
vt 0.382504 0.160901
vt 0.361834 0.165837
vt 0.340442 0.174584
vt 0.319074 0.187500
vt 0.298473 0.204559
vt 0.279232 0.225276
vt 0.261719 0.248775
vt 0.246075 0.273953
vt 0.232271 0.299700
vt 0.220174 0.325066
vt 0.209602 0.349350
vt 0.451273 0.197290
vt 0.438082 0.194610
vt 0.423170 0.193194
vt 0.406494 0.193605
vt 0.388150 0.196506
vt 0.368429 0.202589
vt 0.347827 0.212458
vt 0.327000 0.226448
vt 0.306645 0.244477
vt 0.287369 0.265971
vt 0.269598 0.289948
vt 0.253549 0.315225
vt 0.239262 0.340659
vt 0.226656 0.365324
vt 0.215584 0.388583
vt 0.453228 0.231588
vt 0.440699 0.230617
vt 0.426566 0.230945
vt 0.410768 0.233105
vt 0.393359 0.237719
vt 0.374556 0.245429
vt 0.354759 0.256772
vt 0.334533 0.272005
vt 0.314517 0.290950
vt 0.295311 0.312935
vt 0.277381 0.336907
vt 0.261007 0.361664
vt 0.246295 0.386101
vt 0.233218 0.409380
vt 0.221666 0.430975
vt 0.455037 0.268926
vt 0.443114 0.270114
vt 0.429694 0.272682
vt 0.414706 0.277110
vt 0.398172 0.283941
vt 0.380247 0.293714
vt 0.361254 0.306836
vt 0.341669 0.323419
vt 0.322068 0.343151
vt 0.303029 0.365268
vt 0.285035 0.388695
vt 0.268417 0.412282
vt 0.253342 0.435046
vt 0.239837 0.456298
vt 0.227834 0.475661
vt 0.456714 0.308623
vt 0.445347 0.312308
vt 0.432582 0.317480
vt 0.418342 0.324548
vt 0.402623 0.333948
vt 0.385535 0.346065
vt 0.367332 0.361121
vt 0.348413 0.379037
vt 0.329287 0.399345
vt 0.310496 0.421207
vt 0.292527 0.443579
vt 0.275748 0.465442
vt 0.260376 0.485994
vt 0.246491 0.504741
vt 0.234068 0.521472
vt 0.458273 0.349807
vt 0.447417 0.356152
vt 0.435255 0.364089
vt 0.421704 0.373942
vt 0.406745 0.386011
vt 0.390450 0.400503
vt 0.373016 0.417426
vt 0.354774 0.436495
vt 0.336166 0.457093
vt 0.317693 0.478344
vt 0.299832 0.499285
vt 0.282971 0.519071
vt 0.267370 0.537116
vt 0.253158 0.553130
vt 0.240353 0.567069
vt 0.459727 0.391501
vt 0.449342 0.400472
vt 0.437734 0.411104
vt 0.424821 0.423621
vt 0.410569 0.438181
vt 0.395022 0.454804
vt 0.378330 0.473295
vt 0.360764 0.493186
vt 0.342706 0.513750
vt 0.324607 0.534115
vt 0.306925 0.553431
vt 0.290058 0.571039
vt 0.274297 0.586563
vt 0.259813 0.599895
vt 0.246667 0.611134
vt 0.461084 0.432742
vt 0.451135 0.444117
vt 0.440040 0.457161
vt 0.427716 0.471993
vt 0.414121 0.488630
vt 0.399278 0.506927
vt 0.383298 0.526521
vt 0.366400 0.546814
vt 0.348910 0.567030
vt 0.331230 0.586337
vt 0.313790 0.604011
vt 0.296987 0.619563
vt 0.281133 0.632784
vt 0.266435 0.643711
vt 0.252992 0.652550
vt 0.462355 0.472673
vt 0.452809 0.486095
vt 0.442188 0.501120
vt 0.430410 0.517767
vt 0.417428 0.535931
vt 0.403245 0.555336
vt 0.387944 0.575507
vt 0.371700 0.595781
vt 0.354786 0.615383
vt 0.337558 0.633557
vt 0.320414 0.649698
vt 0.303737 0.663452
vt 0.287855 0.674730
vt 0.273000 0.683663
vt 0.259308 0.690521
vt 0.463546 0.510622
vt 0.454375 0.525656
vt 0.444193 0.542161
vt 0.432922 0.560070
vt 0.420510 0.579181
vt 0.406947 0.599132
vt 0.392291 0.619389
vt 0.376681 0.639282
vt 0.360345 0.658081
vt 0.343592 0.675120
vt 0.326786 0.689899
vt 0.310292 0.702163
vt 0.294441 0.711898
vt 0.279487 0.719283
vt 0.265595 0.724617
vt 0.464666 0.546127
vt 0.455843 0.562319
vt 0.446070 0.579806
vt 0.435269 0.598449
vt 0.423388 0.617980
vt 0.410406 0.637991
vt 0.396362 0.657939
vt 0.381363 0.677182
vt 0.365598 0.695065
vt 0.349336 0.711012
vt 0.332901 0.724616
vt 0.316639 0.735686
vt 0.300875 0.744247
vt 0.285876 0.750495
vt 0.271833 0.754728
vt 0.457222 0.595854
vt 0.447828 0.613874
vt 0.437466 0.632796
vt 0.426079 0.652318
vt 0.413642 0.672017
vt 0.400177 0.691370
vt 0.385764 0.709793
vt 0.370561 0.726711
vt 0.354796 0.741636
vt 0.338759 0.754233
vt 0.322769 0.764360
vt 0.307141 0.772054
vt 0.292150 0.777504
vt 0.278004 0.780990
vt 0.455821 0.085184
vt 0.458123 0.105095
vt 0.460201 0.128758
vt 0.462087 0.156466
vt 0.463805 0.188333
vt 0.465377 0.224207
vt 0.466819 0.263620
vt 0.468148 0.305785
vt 0.469376 0.349658
vt 0.470513 0.394062
vt 0.471570 0.437840
vt 0.472555 0.479990
vt 0.473474 0.519753
vt 0.474334 0.556639
vt 0.752708 0.216636
vt 0.745564 0.195899
vt 0.737115 0.174665
vt 0.727031 0.153379
vt 0.714894 0.132629
vt 0.700203 0.113124
vt 0.682401 0.095638
vt 0.660991 0.080925
vt 0.635786 0.069606
vt 0.607263 0.062070
vt 0.576824 0.058416
vt 0.546563 0.058446
vt 0.518502 0.061731
vt 0.493894 0.067695
vt 0.473088 0.075713
vt 0.746971 0.241486
vt 0.739352 0.220539
vt 0.730380 0.198856
vt 0.719734 0.176883
vt 0.707025 0.155236
vt 0.691806 0.134697
vt 0.673629 0.116149
vt 0.652166 0.100474
vt 0.627438 0.088416
vt 0.600082 0.080443
vt 0.571444 0.076669
vt 0.543301 0.076851
vt 0.517257 0.080472
vt 0.494277 0.086854
vt 0.474633 0.095283
vt 0.741241 0.269488
vt 0.733173 0.248715
vt 0.723715 0.226968
vt 0.712564 0.204671
vt 0.699365 0.182452
vt 0.683735 0.161139
vt 0.665332 0.141711
vt 0.643980 0.125179
vt 0.619861 0.112409
vt 0.593693 0.103959
vt 0.566726 0.099961
vt 0.540458 0.100132
vt 0.516168 0.103868
vt 0.494615 0.110399
vt 0.476012 0.118933
vt 0.735535 0.300670
vt 0.727044 0.280537
vt 0.717142 0.259220
vt 0.705546 0.237099
vt 0.691940 0.214779
vt 0.676010 0.193105
vt 0.657515 0.173121
vt 0.636406 0.155939
vt 0.612982 0.142541
vt 0.587989 0.133571
vt 0.562562 0.129191
vt 0.537958 0.129088
vt 0.515209 0.132594
vt 0.494915 0.138870
vt 0.477250 0.147073
vt 0.729865 0.334883
vt 0.720982 0.315913
vt 0.710680 0.295604
vt 0.698701 0.274270
vt 0.684771 0.252462
vt 0.668643 0.230997
vt 0.650171 0.210930
vt 0.629409 0.193428
vt 0.606732 0.179554
vt 0.582879 0.170026
vt 0.558865 0.165047
vt 0.535744 0.164304
vt 0.514356 0.167106
vt 0.495184 0.172593
vt 0.478367 0.179911
vt 0.724246 0.371763
vt 0.715005 0.354485
vt 0.704349 0.335788
vt 0.692047 0.315910
vt 0.677871 0.295317
vt 0.661640 0.274744
vt 0.643287 0.255192
vt 0.622949 0.237809
vt 0.601044 0.223682
vt 0.578283 0.213574
vt 0.555563 0.207743
vt 0.533771 0.205920
vt 0.513594 0.207457
vt 0.495425 0.211535
vt 0.479380 0.217347
vt 0.718692 0.410721
vt 0.709126 0.395601
vt 0.698162 0.379070
vt 0.685598 0.361283
vt 0.671251 0.342596
vt 0.654999 0.323618
vt 0.636845 0.305222
vt 0.616985 0.288454
vt 0.595859 0.274349
vt 0.574134 0.263675
vt 0.552599 0.256752
vt 0.532001 0.253413
vt 0.512909 0.253124
vt 0.495644 0.255183
vt 0.480302 0.258883
vt 0.713213 0.450971
vt 0.703359 0.438349
vt 0.692133 0.424399
vt 0.679365 0.409193
vt 0.664915 0.392968
vt 0.648714 0.376173
vt 0.630822 0.359495
vt 0.611477 0.343804
vt 0.591123 0.330007
vt 0.570375 0.318835
vt 0.549925 0.310670
vt 0.530405 0.305488
vt 0.512289 0.302939
vt 0.495842 0.302499
vt 0.481147 0.303612
vt 0.707822 0.491602
vt 0.697716 0.481639
vt 0.686273 0.470478
vt 0.673356 0.458115
vt 0.658864 0.444666
vt 0.642776 0.430407
vt 0.625196 0.415812
vt 0.606388 0.401530
vt 0.586787 0.388291
vt 0.566957 0.376751
vt 0.547502 0.367342
vt 0.528960 0.360201
vt 0.511726 0.355195
vt 0.496024 0.352015
vt 0.481922 0.350291
vt 0.702528 0.531676
vt 0.692205 0.524340
vt 0.680591 0.515946
vt 0.667575 0.506425
vt 0.653096 0.495778
vt 0.637172 0.484120
vt 0.619939 0.471715
vt 0.601679 0.458990
vt 0.582808 0.446483
vt 0.563839 0.434755
vt 0.545297 0.424266
vt 0.527644 0.415296
vt 0.511212 0.407919
vt 0.496190 0.402051
vt 0.482636 0.397505
vt 0.697340 0.570335
vt 0.686836 0.565420
vt 0.675091 0.559571
vt 0.662024 0.552657
vt 0.647605 0.544586
vt 0.631886 0.535335
vt 0.615029 0.524993
vt 0.597318 0.513794
vt 0.579149 0.502107
vt 0.560984 0.490392
vt 0.543283 0.479110
vt 0.526441 0.468642
vt 0.510741 0.459231
vt 0.496343 0.450980
vt 0.483296 0.443878
vt 0.692266 0.606880
vt 0.681614 0.604061
vt 0.669778 0.600392
vt 0.656702 0.595696
vt 0.642384 0.589808
vt 0.626904 0.582604
vt 0.610439 0.574045
vt 0.593273 0.564219
vt 0.575776 0.553366
vt 0.558362 0.541852
vt 0.541437 0.530115
vt 0.525338 0.518587
vt 0.510308 0.507624
vt 0.496484 0.497467
vt 0.483908 0.488244
vt 0.687311 0.640822
vt 0.676545 0.639710
vt 0.664654 0.637792
vt 0.651605 0.634860
vt 0.637424 0.630698
vt 0.622209 0.625118
vt 0.606147 0.617999
vt 0.589516 0.609340
vt 0.572658 0.599283
vt 0.555948 0.588120
vt 0.539738 0.576250
vt 0.524323 0.564111
vt 0.509909 0.552114
vt 0.496614 0.540588
vt 0.484476 0.529758
vt 0.682482 0.671884
vt 0.671631 0.672083
vt 0.659718 0.671488
vt 0.646731 0.669872
vt 0.632715 0.666993
vt 0.617784 0.662631
vt 0.602130 0.656624
vt 0.586020 0.648918
vt 0.569771 0.639595
vt 0.553718 0.628887
vt 0.538171 0.617144
vt 0.523385 0.604785
vt 0.509539 0.592228
vt 0.496735 0.579843
vt 0.485006 0.567915
vt 0.666875 0.701121
vt 0.654970 0.701465
vt 0.642074 0.700772
vt 0.628246 0.698796
vt 0.613613 0.695307
vt 0.598367 0.690131
vt 0.582763 0.683189
vt 0.567091 0.674529
vt 0.551653 0.664334
vt 0.536720 0.652908
vt 0.522516 0.640629
vt 0.509196 0.627898
vt 0.496848 0.615089
vt 0.485501 0.602513
vt 0.764835 0.217164
vt 0.758852 0.242712
vt 0.752843 0.271754
vt 0.746826 0.304366
vt 0.740819 0.340417
vt 0.734837 0.379506
vt 0.728898 0.420950
vt 0.723017 0.463810
vt 0.717210 0.506988
vt 0.711490 0.549361
vt 0.705870 0.589924
vt 0.700361 0.627890
vt 0.694971 0.662749
vt 0.689710 0.694255
vt 0.965720 0.421075
vt 0.957222 0.404146
vt 0.947828 0.386126
vt 0.937466 0.367204
vt 0.926079 0.347682
vt 0.913642 0.327983
vt 0.900177 0.308630
vt 0.885764 0.290207
vt 0.870561 0.273289
vt 0.854796 0.258364
vt 0.838759 0.245767
vt 0.822769 0.235640
vt 0.807141 0.227946
vt 0.792150 0.222496
vt 0.778004 0.219009
vt 0.964666 0.453873
vt 0.955843 0.437681
vt 0.946070 0.420194
vt 0.935269 0.401551
vt 0.923388 0.382020
vt 0.910406 0.362008
vt 0.896362 0.342061
vt 0.881363 0.322818
vt 0.865598 0.304935
vt 0.849336 0.288988
vt 0.832901 0.275384
vt 0.816639 0.264314
vt 0.800875 0.255753
vt 0.785876 0.249505
vt 0.771833 0.245272
vt 0.963546 0.489377
vt 0.954375 0.474344
vt 0.944193 0.457839
vt 0.932922 0.439930
vt 0.920510 0.420819
vt 0.906947 0.400868
vt 0.892291 0.380610
vt 0.876681 0.360718
vt 0.860345 0.341919
vt 0.843592 0.324880
vt 0.826786 0.310101
vt 0.810292 0.297837
vt 0.794441 0.288102
vt 0.779487 0.280717
vt 0.765595 0.275383
vt 0.962355 0.527327
vt 0.952809 0.513905
vt 0.942188 0.498880
vt 0.930410 0.482233
vt 0.917428 0.464069
vt 0.903245 0.444664
vt 0.887944 0.424493
vt 0.871700 0.404219
vt 0.854786 0.384616
vt 0.837558 0.366443
vt 0.820414 0.350302
vt 0.803737 0.336548
vt 0.787855 0.325270
vt 0.773000 0.316337
vt 0.759308 0.309479
vt 0.961084 0.567258
vt 0.951135 0.555883
vt 0.940040 0.542839
vt 0.927716 0.528007
vt 0.914121 0.511370
vt 0.899278 0.493073
vt 0.883298 0.473479
vt 0.866400 0.453186
vt 0.848910 0.432970
vt 0.831230 0.413663
vt 0.813790 0.395989
vt 0.796987 0.380437
vt 0.781133 0.367216
vt 0.766435 0.356289
vt 0.752992 0.347451
vt 0.959727 0.608499
vt 0.949342 0.599528
vt 0.937734 0.588896
vt 0.924821 0.576379
vt 0.910569 0.561819
vt 0.895022 0.545196
vt 0.878330 0.526705
vt 0.860764 0.506814
vt 0.842706 0.486249
vt 0.824607 0.465885
vt 0.806925 0.446569
vt 0.790058 0.428961
vt 0.774297 0.413437
vt 0.759814 0.400105
vt 0.746667 0.388866
vt 0.958273 0.650193
vt 0.947417 0.643848
vt 0.935255 0.635911
vt 0.921704 0.626058
vt 0.906745 0.613989
vt 0.890450 0.599497
vt 0.873016 0.582574
vt 0.854774 0.563505
vt 0.836166 0.542907
vt 0.817693 0.521656
vt 0.799832 0.500715
vt 0.782971 0.480929
vt 0.767370 0.462884
vt 0.753158 0.446870
vt 0.740353 0.432931
vt 0.956714 0.691377
vt 0.945347 0.687692
vt 0.932582 0.682520
vt 0.918342 0.675452
vt 0.902623 0.666052
vt 0.885535 0.653935
vt 0.867332 0.638879
vt 0.848413 0.620963
vt 0.829287 0.600655
vt 0.810496 0.578793
vt 0.792527 0.556421
vt 0.775748 0.534558
vt 0.760376 0.514006
vt 0.746491 0.495259
vt 0.734068 0.478528
vt 0.955037 0.731074
vt 0.943114 0.729886
vt 0.929694 0.727318
vt 0.914706 0.722890
vt 0.898172 0.716059
vt 0.880247 0.706286
vt 0.861254 0.693164
vt 0.841669 0.676581
vt 0.822068 0.656849
vt 0.803029 0.634732
vt 0.785035 0.611305
vt 0.768417 0.587718
vt 0.753342 0.564954
vt 0.739837 0.543702
vt 0.727834 0.524339
vt 0.953228 0.768412
vt 0.940699 0.769383
vt 0.926566 0.769055
vt 0.910768 0.766895
vt 0.893359 0.762281
vt 0.874556 0.754571
vt 0.854759 0.743228
vt 0.834533 0.727995
vt 0.814517 0.709050
vt 0.795311 0.687065
vt 0.777381 0.663093
vt 0.761007 0.638336
vt 0.746295 0.613899
vt 0.733218 0.590620
vt 0.721666 0.569025
vt 0.951273 0.802710
vt 0.938082 0.805390
vt 0.923170 0.806806
vt 0.906494 0.806395
vt 0.888150 0.803494
vt 0.868429 0.797411
vt 0.847827 0.787542
vt 0.827000 0.773552
vt 0.806645 0.755523
vt 0.787369 0.734029
vt 0.769598 0.710052
vt 0.753549 0.684775
vt 0.739262 0.659341
vt 0.726656 0.634676
vt 0.715584 0.611417
vt 0.949153 0.833537
vt 0.935236 0.837429
vt 0.919473 0.840051
vt 0.901844 0.840830
vt 0.882504 0.839099
vt 0.861834 0.834163
vt 0.840442 0.825416
vt 0.819074 0.812500
vt 0.798473 0.795441
vt 0.779232 0.774724
vt 0.761719 0.751225
vt 0.746075 0.726047
vt 0.732271 0.700300
vt 0.720174 0.674934
vt 0.709602 0.650650
vt 0.946847 0.860712
vt 0.932132 0.865340
vt 0.915437 0.868663
vt 0.896776 0.870119
vt 0.876380 0.869065
vt 0.854742 0.864847
vt 0.832591 0.856899
vt 0.810764 0.844879
vt 0.790028 0.828792
vt 0.770938 0.809042
vt 0.753782 0.786389
vt 0.738618 0.761816
vt 0.725348 0.736348
vt 0.713790 0.710906
vt 0.703734 0.686207
vt 0.944331 0.884272
vt 0.928737 0.889224
vt 0.911020 0.892826
vt 0.891244 0.894541
vt 0.869737 0.893777
vt 0.847126 0.889942
vt 0.824272 0.882536
vt 0.802090 0.871261
vt 0.781347 0.856114
vt 0.762528 0.837431
vt 0.745826 0.815860
vt 0.731211 0.792248
vt 0.718518 0.767509
vt 0.707523 0.742495
vt 0.697993 0.717904
vt 0.925012 0.909368
vt 0.906174 0.912926
vt 0.885196 0.914597
vt 0.862531 0.913849
vt 0.838964 0.910166
vt 0.815491 0.903123
vt 0.793084 0.892471
vt 0.772473 0.878212
vt 0.754047 0.860628
vt 0.737892 0.840259
vt 0.723885 0.817823
vt 0.711803 0.794113
vt 0.701387 0.769890
vt 0.692389 0.745810
vt 0.975141 0.409594
vt 0.974334 0.443361
vt 0.973474 0.480247
vt 0.972555 0.520010
vt 0.971570 0.562160
vt 0.970513 0.605938
vt 0.969376 0.650342
vt 0.968148 0.694215
vt 0.966819 0.736380
vt 0.965377 0.775793
vt 0.963805 0.811667
vt 0.962087 0.843534
vt 0.960201 0.871242
vt 0.958123 0.894905
vt 0.166875 0.298879
vt 0.154970 0.298535
vt 0.142073 0.299228
vt 0.128246 0.301204
vt 0.113613 0.304693
vt 0.098367 0.309869
vt 0.082763 0.316811
vt 0.067091 0.325471
vt 0.051653 0.335666
vt 0.036720 0.347092
vt 0.022516 0.359371
vt 0.009196 0.372102
vt 1.009196 0.372102
vt 0.996848 0.384911
vt 0.985501 0.397487
vt 0.171631 0.327917
vt 0.159718 0.328512
vt 0.146731 0.330128
vt 0.132715 0.333007
vt 0.117784 0.337369
vt 0.102130 0.343376
vt 0.086020 0.351082
vt 0.069771 0.360405
vt 0.053718 0.371113
vt 0.038171 0.382856
vt 0.023385 0.395215
vt 0.009539 0.407772
vt 1.009539 0.407772
vt 0.996735 0.420157
vt 0.985006 0.432085
vt 0.176545 0.360290
vt 0.164654 0.362208
vt 0.151605 0.365140
vt 0.137424 0.369302
vt 0.122209 0.374882
vt 0.106147 0.382001
vt 0.089516 0.390660
vt 0.072658 0.400717
vt 0.055948 0.411880
vt 0.039738 0.423750
vt 0.024323 0.435889
vt 0.009909 0.447886
vt 1.009909 0.447886
vt 0.996614 0.459412
vt 0.984476 0.470242
vt 0.181614 0.395939
vt 0.169778 0.399608
vt 0.156701 0.404304
vt 0.142384 0.410191
vt 0.126904 0.417396
vt 0.110439 0.425955
vt 0.093273 0.435781
vt 0.075775 0.446634
vt 0.058362 0.458148
vt 0.041437 0.469885
vt 0.025338 0.481413
vt 0.010308 0.492376
vt 1.010308 0.492376
vt 0.996484 0.502533
vt 0.983908 0.511756
vt 0.186836 0.434580
vt 0.175091 0.440429
vt 0.162024 0.447343
vt 0.147605 0.455414
vt 0.131886 0.464665
vt 0.115029 0.475007
vt 0.097318 0.486206
vt 0.079149 0.497893
vt 0.060984 0.509608
vt 0.043283 0.520890
vt 0.026441 0.531358
vt 0.010741 0.540769
vt 1.010741 0.540769
vt 0.996343 0.549020
vt 0.983296 0.556122
vt 0.192205 0.475660
vt 0.180591 0.484054
vt 0.167575 0.493575
vt 0.153096 0.504222
vt 0.137171 0.515880
vt 0.119939 0.528284
vt 0.101679 0.541010
vt 0.082808 0.553517
vt 0.063839 0.565245
vt 0.045297 0.575734
vt 0.027644 0.584704
vt 0.011212 0.592081
vt 1.011212 0.592081
vt 0.996190 0.597949
vt 0.982636 0.602495
vt 0.197716 0.518361
vt 0.186273 0.529522
vt 0.173356 0.541885
vt 0.158864 0.555334
vt 0.142776 0.569593
vt 0.125196 0.584188
vt 0.106388 0.598470
vt 0.086787 0.611709
vt 0.066957 0.623249
vt 0.047502 0.632658
vt 0.028960 0.639799
vt 0.011726 0.644805
vt 1.011726 0.644805
vt 0.996024 0.647985
vt 0.981922 0.649709
vt 0.203359 0.561651
vt 0.192133 0.575601
vt 0.179365 0.590807
vt 0.164915 0.607032
vt 0.148714 0.623827
vt 0.130822 0.640505
vt 0.111477 0.656196
vt 0.091123 0.669993
vt 0.070375 0.681165
vt 0.049925 0.689330
vt 0.030405 0.694512
vt 0.012289 0.697061
vt 1.012289 0.697061
vt 0.995842 0.697501
vt 0.981147 0.696388
vt 0.209126 0.604399
vt 0.198162 0.620930
vt 0.185598 0.638717
vt 0.171251 0.657404
vt 0.154999 0.676382
vt 0.136845 0.694778
vt 0.116985 0.711546
vt 0.095859 0.725651
vt 0.074134 0.736325
vt 0.052599 0.743248
vt 0.032001 0.746587
vt 0.012909 0.746876
vt 1.012909 0.746876
vt 0.995644 0.744817
vt 0.980302 0.741117
vt 0.215005 0.645515
vt 0.204349 0.664212
vt 0.192047 0.684090
vt 0.177871 0.704683
vt 0.161640 0.725256
vt 0.143287 0.744808
vt 0.122949 0.762191
vt 0.101044 0.776318
vt 0.078283 0.786426
vt 0.055563 0.792257
vt 0.033771 0.794080
vt 0.013594 0.792542
vt 1.013594 0.792542
vt 0.995425 0.788465
vt 0.979380 0.782653
vt 0.220982 0.684087
vt 0.210680 0.704396
vt 0.198701 0.725730
vt 0.184771 0.747538
vt 0.168643 0.769003
vt 0.150171 0.789070
vt 0.129409 0.806572
vt 0.106731 0.820446
vt 0.082879 0.829974
vt 0.058865 0.834953
vt 0.035744 0.835696
vt 0.014356 0.832894
vt 1.014356 0.832894
vt 0.995184 0.827407
vt 0.978367 0.820089
vt 0.227043 0.719463
vt 0.217142 0.740780
vt 0.205546 0.762901
vt 0.191940 0.785221
vt 0.176010 0.806895
vt 0.157515 0.826879
vt 0.136406 0.844061
vt 0.112982 0.857459
vt 0.087989 0.866429
vt 0.062562 0.870809
vt 0.037958 0.870912
vt 0.015209 0.867406
vt 1.015209 0.867406
vt 0.994915 0.861130
vt 0.977250 0.852927
vt 0.233173 0.751285
vt 0.223715 0.773032
vt 0.212564 0.795329
vt 0.199365 0.817548
vt 0.183735 0.838861
vt 0.165332 0.858289
vt 0.143980 0.874821
vt 0.119861 0.887591
vt 0.093692 0.896041
vt 0.066726 0.900039
vt 0.040458 0.899868
vt 0.016168 0.896132
vt 1.016168 0.896132
vt 0.994615 0.889601
vt 0.976012 0.881067
vt 0.239352 0.779461
vt 0.230380 0.801144
vt 0.219734 0.823117
vt 0.207025 0.844764
vt 0.191806 0.865303
vt 0.173629 0.883851
vt 0.152165 0.899526
vt 0.127438 0.911584
vt 0.100082 0.919557
vt 0.071444 0.923331
vt 0.043301 0.923149
vt 0.017257 0.919528
vt 1.017257 0.919528
vt 0.994277 0.913146
vt 0.974633 0.904717
vt 0.245564 0.804101
vt 0.237115 0.825335
vt 0.227030 0.846621
vt 0.214894 0.867371
vt 0.200203 0.886876
vt 0.182401 0.904362
vt 0.160991 0.919075
vt 0.135786 0.930394
vt 0.107263 0.937930
vt 0.076824 0.941584
vt 0.046563 0.941554
vt 0.018502 0.938269
vt 1.018502 0.938269
vt 0.993894 0.932305
vt 0.973088 0.924287
s 1
usemtl Material
f 1538/1/1538 53/2/53 4/3/4 54/4/54
f 1313/5/1313 98/6/98 8/7/8 99/8/99
f 1088/9/1088 143/10/143 6/11/6 144/12/144
f 863/13/863 188/14/188 2/15/2 38/16/38
f 638/17/638 114/18/114 5/19/5 173/20/173
f 413/21/413 39/22/39 2/15/2 188/14/188
f 143/10/143 203/23/203 174/24/174 6/11/6
f 203/23/203 218/25/218 175/26/175 174/24/174
f 218/25/218 233/27/233 176/28/176 175/26/175
f 233/27/233 248/29/248 177/30/177 176/28/176
f 248/29/248 263/31/263 178/32/178 177/30/177
f 263/31/263 278/33/278 179/34/179 178/32/178
f 278/33/278 293/35/293 180/36/180 179/34/179
f 293/35/293 308/37/308 181/38/181 180/36/180
f 308/37/308 323/39/323 182/40/182 181/38/181
f 323/39/323 338/41/338 183/42/183 182/40/182
f 338/41/338 353/43/353 184/44/184 183/42/183
f 353/43/353 368/45/368 185/46/185 184/44/184
f 368/45/368 383/47/383 186/48/186 185/46/185
f 383/47/383 398/49/398 187/50/187 186/48/186
f 398/49/398 413/21/413 188/14/188 187/50/187
f 8/7/8 98/6/98 189/51/189 129/52/129
f 129/52/129 189/51/189 190/53/190 130/54/130
f 130/54/130 190/53/190 191/55/191 131/56/131
f 131/56/131 191/55/191 192/57/192 132/58/132
f 132/58/132 192/57/192 193/59/193 133/60/133
f 133/60/133 193/59/193 194/61/194 134/62/134
f 134/62/134 194/61/194 195/63/195 135/64/135
f 135/64/135 195/63/195 196/65/196 136/66/136
f 136/66/136 196/65/196 197/67/197 137/68/137
f 137/68/137 197/67/197 198/69/198 138/70/138
f 138/70/138 198/69/198 199/71/199 139/72/139
f 139/72/139 199/71/199 200/73/200 140/74/140
f 140/74/140 200/73/200 201/75/201 141/76/141
f 141/76/141 201/75/201 202/77/202 142/78/142
f 142/78/142 202/77/202 203/23/203 143/10/143
f 98/6/98 97/79/97 204/80/204 189/51/189
f 189/51/189 204/80/204 205/81/205 190/53/190
f 190/53/190 205/81/205 206/82/206 191/55/191
f 191/55/191 206/82/206 207/83/207 192/57/192
f 192/57/192 207/83/207 208/84/208 193/59/193
f 193/59/193 208/84/208 209/85/209 194/61/194
f 194/61/194 209/85/209 210/86/210 195/63/195
f 195/63/195 210/86/210 211/87/211 196/65/196
f 196/65/196 211/87/211 212/88/212 197/67/197
f 197/67/197 212/88/212 213/89/213 198/69/198
f 198/69/198 213/89/213 214/90/214 199/71/199
f 199/71/199 214/90/214 215/91/215 200/73/200
f 200/73/200 215/91/215 216/92/216 201/75/201
f 201/75/201 216/92/216 217/93/217 202/77/202
f 202/77/202 217/93/217 218/25/218 203/23/203
f 97/79/97 96/94/96 219/95/219 204/80/204
f 204/80/204 219/95/219 220/96/220 205/81/205
f 205/81/205 220/96/220 221/97/221 206/82/206
f 206/82/206 221/97/221 222/98/222 207/83/207
f 207/83/207 222/98/222 223/99/223 208/84/208
f 208/84/208 223/99/223 224/100/224 209/85/209
f 209/85/209 224/100/224 225/101/225 210/86/210
f 210/86/210 225/101/225 226/102/226 211/87/211
f 211/87/211 226/102/226 227/103/227 212/88/212
f 212/88/212 227/103/227 228/104/228 213/89/213
f 213/89/213 228/104/228 229/105/229 214/90/214
f 214/90/214 229/105/229 230/106/230 215/91/215
f 215/91/215 230/106/230 231/107/231 216/92/216
f 216/92/216 231/107/231 232/108/232 217/93/217
f 217/93/217 232/108/232 233/27/233 218/25/218
f 96/94/96 95/109/95 234/110/234 219/95/219
f 219/95/219 234/110/234 235/111/235 220/96/220
f 220/96/220 235/111/235 236/112/236 221/97/221
f 221/97/221 236/112/236 237/113/237 222/98/222
f 222/98/222 237/113/237 238/114/238 223/99/223
f 223/99/223 238/114/238 239/115/239 224/100/224
f 224/100/224 239/115/239 240/116/240 225/101/225
f 225/101/225 240/116/240 241/117/241 226/102/226
f 226/102/226 241/117/241 242/118/242 227/103/227
f 227/103/227 242/118/242 243/119/243 228/104/228
f 228/104/228 243/119/243 244/120/244 229/105/229
f 229/105/229 244/120/244 245/121/245 230/106/230
f 230/106/230 245/121/245 246/122/246 231/107/231
f 231/107/231 246/122/246 247/123/247 232/108/232
f 232/108/232 247/123/247 248/29/248 233/27/233
f 95/109/95 94/124/94 249/125/249 234/110/234
f 234/110/234 249/125/249 250/126/250 235/111/235
f 235/111/235 250/126/250 251/127/251 236/112/236
f 236/112/236 251/127/251 252/128/252 237/113/237
f 237/113/237 252/128/252 253/129/253 238/114/238
f 238/114/238 253/129/253 254/130/254 239/115/239
f 239/115/239 254/130/254 255/131/255 240/116/240
f 240/116/240 255/131/255 256/132/256 241/117/241
f 241/117/241 256/132/256 257/133/257 242/118/242
f 242/118/242 257/133/257 258/134/258 243/119/243
f 243/119/243 258/134/258 259/135/259 244/120/244
f 244/120/244 259/135/259 260/136/260 245/121/245
f 245/121/245 260/136/260 261/137/261 246/122/246
f 246/122/246 261/137/261 262/138/262 247/123/247
f 247/123/247 262/138/262 263/31/263 248/29/248
f 94/124/94 93/139/93 264/140/264 249/125/249
f 249/125/249 264/140/264 265/141/265 250/126/250
f 250/126/250 265/141/265 266/142/266 251/127/251
f 251/127/251 266/142/266 267/143/267 252/128/252
f 252/128/252 267/143/267 268/144/268 253/129/253
f 253/129/253 268/144/268 269/145/269 254/130/254
f 254/130/254 269/145/269 270/146/270 255/131/255
f 255/131/255 270/146/270 271/147/271 256/132/256
f 256/132/256 271/147/271 272/148/272 257/133/257
f 257/133/257 272/148/272 273/149/273 258/134/258
f 258/134/258 273/149/273 274/150/274 259/135/259
f 259/135/259 274/150/274 275/151/275 260/136/260
f 260/136/260 275/151/275 276/152/276 261/137/261
f 261/137/261 276/152/276 277/153/277 262/138/262
f 262/138/262 277/153/277 278/33/278 263/31/263
f 93/139/93 92/154/92 279/155/279 264/140/264
f 264/140/264 279/155/279 280/156/280 265/141/265
f 265/141/265 280/156/280 281/157/281 266/142/266
f 266/142/266 281/157/281 282/158/282 267/143/267
f 267/143/267 282/158/282 283/159/283 268/144/268
f 268/144/268 283/159/283 284/160/284 269/145/269
f 269/145/269 284/160/284 285/161/285 270/146/270
f 270/146/270 285/161/285 286/162/286 271/147/271
f 271/147/271 286/162/286 287/163/287 272/148/272
f 272/148/272 287/163/287 288/164/288 273/149/273
f 273/149/273 288/164/288 289/165/289 274/150/274
f 274/150/274 289/165/289 290/166/290 275/151/275
f 275/151/275 290/166/290 291/167/291 276/152/276
f 276/152/276 291/167/291 292/168/292 277/153/277
f 277/153/277 292/168/292 293/35/293 278/33/278
f 92/154/92 91/169/91 294/170/294 279/155/279
f 279/155/279 294/170/294 295/171/295 280/156/280
f 280/156/280 295/171/295 296/172/296 281/157/281
f 281/157/281 296/172/296 297/173/297 282/158/282
f 282/158/282 297/173/297 298/174/298 283/159/283
f 283/159/283 298/174/298 299/175/299 284/160/284
f 284/160/284 299/175/299 300/176/300 285/161/285
f 285/161/285 300/176/300 301/177/301 286/162/286
f 286/162/286 301/177/301 302/178/302 287/163/287
f 287/163/287 302/178/302 303/179/303 288/164/288
f 288/164/288 303/179/303 304/180/304 289/165/289
f 289/165/289 304/180/304 305/181/305 290/166/290
f 290/166/290 305/181/305 306/182/306 291/167/291
f 291/167/291 306/182/306 307/183/307 292/168/292
f 292/168/292 307/183/307 308/37/308 293/35/293
f 91/169/91 90/184/90 309/185/309 294/170/294
f 294/170/294 309/185/309 310/186/310 295/171/295
f 295/171/295 310/186/310 311/187/311 296/172/296
f 296/172/296 311/187/311 312/188/312 297/173/297
f 297/173/297 312/188/312 313/189/313 298/174/298
f 298/174/298 313/189/313 314/190/314 299/175/299
f 299/175/299 314/190/314 315/191/315 300/176/300
f 300/176/300 315/191/315 316/192/316 301/177/301
f 301/177/301 316/192/316 317/193/317 302/178/302
f 302/178/302 317/193/317 318/194/318 303/179/303
f 303/179/303 318/194/318 319/195/319 304/180/304
f 304/180/304 319/195/319 320/196/320 305/181/305
f 305/181/305 320/196/320 321/197/321 306/182/306
f 306/182/306 321/197/321 322/198/322 307/183/307
f 307/183/307 322/198/322 323/39/323 308/37/308
f 90/184/90 89/199/89 324/200/324 309/185/309
f 309/185/309 324/200/324 325/201/325 310/186/310
f 310/186/310 325/201/325 326/202/326 311/187/311
f 311/187/311 326/202/326 327/203/327 312/188/312
f 312/188/312 327/203/327 328/204/328 313/189/313
f 313/189/313 328/204/328 329/205/329 314/190/314
f 314/190/314 329/205/329 330/206/330 315/191/315
f 315/191/315 330/206/330 331/207/331 316/192/316
f 316/192/316 331/207/331 332/208/332 317/193/317
f 317/193/317 332/208/332 333/209/333 318/194/318
f 318/194/318 333/209/333 334/210/334 319/195/319
f 319/195/319 334/210/334 335/211/335 320/196/320
f 320/196/320 335/211/335 336/212/336 321/197/321
f 321/197/321 336/212/336 337/213/337 322/198/322
f 322/198/322 337/213/337 338/41/338 323/39/323
f 89/199/89 88/214/88 339/215/339 324/200/324
f 324/200/324 339/215/339 340/216/340 325/201/325
f 325/201/325 340/216/340 341/217/341 326/202/326
f 326/202/326 341/217/341 342/218/342 327/203/327
f 327/203/327 342/218/342 343/219/343 328/204/328
f 328/204/328 343/219/343 344/220/344 329/205/329
f 329/205/329 344/220/344 345/221/345 330/206/330
f 330/206/330 345/221/345 346/222/346 331/207/331
f 331/207/331 346/222/346 347/223/347 332/208/332
f 332/208/332 347/223/347 348/224/348 333/209/333
f 333/209/333 348/224/348 349/225/349 334/210/334
f 334/210/334 349/225/349 350/226/350 335/211/335
f 335/211/335 350/226/350 351/227/351 336/212/336
f 336/212/336 351/227/351 352/228/352 337/213/337
f 337/213/337 352/228/352 353/43/353 338/41/338
f 88/214/88 87/229/87 354/230/354 339/215/339
f 339/215/339 354/230/354 355/231/355 340/216/340
f 340/216/340 355/231/355 356/232/356 341/217/341
f 341/217/341 356/232/356 357/233/357 342/218/342
f 342/218/342 357/233/357 358/234/358 343/219/343
f 343/219/343 358/234/358 359/235/359 344/220/344
f 344/220/344 359/235/359 360/236/360 345/237/345
f 345/221/345 360/238/360 361/239/361 346/222/346
f 346/222/346 361/239/361 362/240/362 347/223/347
f 347/223/347 362/240/362 363/241/363 348/224/348
f 348/224/348 363/241/363 364/242/364 349/225/349
f 349/225/349 364/242/364 365/243/365 350/226/350
f 350/226/350 365/243/365 366/244/366 351/227/351
f 351/227/351 366/244/366 367/245/367 352/228/352
f 352/228/352 367/245/367 368/45/368 353/43/353
f 87/229/87 86/246/86 369/247/369 354/230/354
f 354/230/354 369/247/369 370/248/370 355/231/355
f 355/231/355 370/248/370 371/249/371 356/232/356
f 356/232/356 371/249/371 372/250/372 357/233/357
f 357/233/357 372/250/372 373/251/373 358/234/358
f 358/234/358 373/251/373 374/252/374 359/235/359
f 359/253/359 374/254/374 375/255/375 360/238/360
f 360/238/360 375/255/375 376/256/376 361/239/361
f 361/239/361 376/256/376 377/257/377 362/240/362
f 362/240/362 377/257/377 378/258/378 363/241/363
f 363/241/363 378/258/378 379/259/379 364/242/364
f 364/242/364 379/259/379 380/260/380 365/243/365
f 365/243/365 380/260/380 381/261/381 366/244/366
f 366/244/366 381/261/381 382/262/382 367/245/367
f 367/245/367 382/262/382 383/47/383 368/45/368
f 86/246/86 85/263/85 384/264/384 369/247/369
f 369/247/369 384/264/384 385/265/385 370/248/370
f 370/248/370 385/265/385 386/266/386 371/249/371
f 371/249/371 386/266/386 387/267/387 372/250/372
f 372/250/372 387/267/387 388/268/388 373/251/373
f 373/251/373 388/268/388 389/269/389 374/252/374
f 374/254/374 389/270/389 390/271/390 375/255/375
f 375/255/375 390/271/390 391/272/391 376/256/376
f 376/256/376 391/272/391 392/273/392 377/257/377
f 377/257/377 392/273/392 393/274/393 378/258/378
f 378/258/378 393/274/393 394/275/394 379/259/379
f 379/259/379 394/275/394 395/276/395 380/260/380
f 380/260/380 395/276/395 396/277/396 381/261/381
f 381/261/381 396/277/396 397/278/397 382/262/382
f 382/262/382 397/278/397 398/49/398 383/47/383
f 85/263/85 84/279/84 399/280/399 384/264/384
f 384/264/384 399/280/399 400/281/400 385/265/385
f 385/265/385 400/281/400 401/282/401 386/266/386
f 386/266/386 401/282/401 402/283/402 387/267/387
f 387/267/387 402/283/402 403/284/403 388/268/388
f 388/285/388 403/286/403 404/287/404 389/270/389
f 389/270/389 404/287/404 405/288/405 390/271/390
f 390/271/390 405/288/405 406/289/406 391/272/391
f 391/272/391 406/289/406 407/290/407 392/273/392
f 392/273/392 407/290/407 408/291/408 393/274/393
f 393/274/393 408/291/408 409/292/409 394/275/394
f 394/275/394 409/292/409 410/293/410 395/276/395
f 395/276/395 410/293/410 411/294/411 396/277/396
f 396/277/396 411/294/411 412/295/412 397/278/397
f 397/278/397 412/295/412 413/21/413 398/49/398
f 84/279/84 4/3/4 53/2/53 399/280/399
f 399/280/399 53/2/53 52/296/52 400/281/400
f 400/281/400 52/296/52 51/297/51 401/282/401
f 401/282/401 51/297/51 50/298/50 402/283/402
f 402/299/402 50/300/50 49/301/49 403/286/403
f 403/286/403 49/301/49 48/302/48 404/287/404
f 404/287/404 48/302/48 47/303/47 405/288/405
f 405/288/405 47/303/47 46/304/46 406/289/406
f 406/289/406 46/304/46 45/305/45 407/290/407
f 407/290/407 45/305/45 44/306/44 408/291/408
f 408/291/408 44/306/44 43/307/43 409/292/409
f 409/292/409 43/307/43 42/308/42 410/293/410
f 410/293/410 42/308/42 41/309/41 411/294/411
f 411/294/411 41/309/41 40/310/40 412/295/412
f 412/295/412 40/310/40 39/22/39 413/21/413
f 23/311/23 428/312/428 159/313/159 1/314/1
f 428/312/428 443/315/443 160/316/160 159/313/159
f 443/315/443 458/317/458 161/318/161 160/316/160
f 458/317/458 473/319/473 162/320/162 161/318/161
f 473/319/473 488/321/488 163/322/163 162/320/162
f 488/321/488 503/323/503 164/324/164 163/322/163
f 503/323/503 518/325/518 165/326/165 164/324/164
f 518/325/518 533/327/533 166/328/166 165/326/165
f 533/327/533 548/329/548 167/330/167 166/328/166
f 548/329/548 563/331/563 168/332/168 167/330/167
f 563/331/563 578/333/578 169/334/169 168/332/168
f 578/333/578 593/335/593 170/336/170 169/334/169
f 593/335/593 608/337/608 171/338/171 170/336/170
f 608/337/608 623/339/623 172/340/172 171/338/171
f 623/339/623 638/17/638 173/20/173 172/340/172
f 3/341/3 83/342/83 414/343/414 9/344/9
f 9/344/9 414/343/414 415/345/415 10/346/10
f 10/346/10 415/345/415 416/347/416 11/348/11
f 11/348/11 416/347/416 417/349/417 12/350/12
f 12/351/12 417/352/417 418/353/418 13/354/13
f 13/354/13 418/353/418 419/355/419 14/356/14
f 14/356/14 419/355/419 420/357/420 15/358/15
f 15/358/15 420/357/420 421/359/421 16/360/16
f 16/360/16 421/359/421 422/361/422 17/362/17
f 17/362/17 422/361/422 423/363/423 18/364/18
f 18/364/18 423/363/423 424/365/424 19/366/19
f 19/366/19 424/365/424 425/367/425 20/368/20
f 20/368/20 425/367/425 426/369/426 21/370/21
f 21/370/21 426/369/426 427/371/427 22/372/22
f 22/372/22 427/371/427 428/312/428 23/311/23
f 83/342/83 82/373/82 429/374/429 414/343/414
f 414/343/414 429/374/429 430/375/430 415/345/415
f 415/345/415 430/375/430 431/376/431 416/347/416
f 416/347/416 431/376/431 432/377/432 417/349/417
f 417/349/417 432/377/432 433/378/433 418/379/418
f 418/353/418 433/380/433 434/381/434 419/355/419
f 419/355/419 434/381/434 435/382/435 420/357/420
f 420/357/420 435/382/435 436/383/436 421/359/421
f 421/359/421 436/383/436 437/384/437 422/361/422
f 422/361/422 437/384/437 438/385/438 423/363/423
f 423/363/423 438/385/438 439/386/439 424/365/424
f 424/365/424 439/386/439 440/387/440 425/367/425
f 425/367/425 440/387/440 441/388/441 426/369/426
f 426/369/426 441/388/441 442/389/442 427/371/427
f 427/371/427 442/389/442 443/315/443 428/312/428
f 82/373/82 81/390/81 444/391/444 429/374/429
f 429/374/429 444/391/444 445/392/445 430/375/430
f 430/375/430 445/392/445 446/393/446 431/376/431
f 431/376/431 446/393/446 447/394/447 432/377/432
f 432/377/432 447/394/447 448/395/448 433/378/433
f 433/378/433 448/395/448 449/396/449 434/397/434
f 434/381/434 449/398/449 450/399/450 435/382/435
f 435/382/435 450/399/450 451/400/451 436/383/436
f 436/383/436 451/400/451 452/401/452 437/384/437
f 437/384/437 452/401/452 453/402/453 438/385/438
f 438/385/438 453/402/453 454/403/454 439/386/439
f 439/386/439 454/403/454 455/404/455 440/387/440
f 440/387/440 455/404/455 456/405/456 441/388/441
f 441/388/441 456/405/456 457/406/457 442/389/442
f 442/389/442 457/406/457 458/317/458 443/315/443
f 81/390/81 80/407/80 459/408/459 444/391/444
f 444/391/444 459/408/459 460/409/460 445/392/445
f 445/392/445 460/409/460 461/410/461 446/393/446
f 446/393/446 461/410/461 462/411/462 447/394/447
f 447/394/447 462/411/462 463/412/463 448/395/448
f 448/395/448 463/412/463 464/413/464 449/396/449
f 449/398/449 464/414/464 465/415/465 450/399/450
f 450/399/450 465/415/465 466/416/466 451/400/451
f 451/400/451 466/416/466 467/417/467 452/401/452
f 452/401/452 467/417/467 468/418/468 453/402/453
f 453/402/453 468/418/468 469/419/469 454/403/454
f 454/403/454 469/419/469 470/420/470 455/404/455
f 455/404/455 470/420/470 471/421/471 456/405/456
f 456/405/456 471/421/471 472/422/472 457/406/457
f 457/406/457 472/422/472 473/319/473 458/317/458
f 80/407/80 79/423/79 474/424/474 459/408/459
f 459/408/459 474/424/474 475/425/475 460/409/460
f 460/409/460 475/425/475 476/426/476 461/410/461
f 461/410/461 476/426/476 477/427/477 462/411/462
f 462/411/462 477/427/477 478/428/478 463/412/463
f 463/412/463 478/428/478 479/429/479 464/413/464
f 464/413/464 479/429/479 480/430/480 465/431/465
f 465/415/465 480/432/480 481/433/481 466/416/466
f 466/416/466 481/433/481 482/434/482 467/417/467
f 467/417/467 482/434/482 483/435/483 468/418/468
f 468/418/468 483/435/483 484/436/484 469/419/469
f 469/419/469 484/436/484 485/437/485 470/420/470
f 470/420/470 485/437/485 486/438/486 471/421/471
f 471/421/471 486/438/486 487/439/487 472/422/472
f 472/422/472 487/439/487 488/321/488 473/319/473
f 79/423/79 78/440/78 489/441/489 474/424/474
f 474/424/474 489/441/489 490/442/490 475/425/475
f 475/425/475 490/442/490 491/443/491 476/426/476
f 476/426/476 491/443/491 492/444/492 477/427/477
f 477/427/477 492/444/492 493/445/493 478/428/478
f 478/428/478 493/445/493 494/446/494 479/429/479
f 479/429/479 494/446/494 495/447/495 480/430/480
f 480/432/480 495/448/495 496/449/496 481/433/481
f 481/433/481 496/449/496 497/450/497 482/434/482
f 482/434/482 497/450/497 498/451/498 483/435/483
f 483/435/483 498/451/498 499/452/499 484/436/484
f 484/436/484 499/452/499 500/453/500 485/437/485
f 485/437/485 500/453/500 501/454/501 486/438/486
f 486/438/486 501/454/501 502/455/502 487/439/487
f 487/439/487 502/455/502 503/323/503 488/321/488
f 78/440/78 77/456/77 504/457/504 489/441/489
f 489/441/489 504/457/504 505/458/505 490/442/490
f 490/442/490 505/458/505 506/459/506 491/443/491
f 491/443/491 506/459/506 507/460/507 492/444/492
f 492/444/492 507/460/507 508/461/508 493/445/493
f 493/445/493 508/461/508 509/462/509 494/446/494
f 494/446/494 509/462/509 510/463/510 495/447/495
f 495/447/495 510/463/510 511/464/511 496/465/496
f 496/449/496 511/466/511 512/467/512 497/450/497
f 497/450/497 512/467/512 513/468/513 498/451/498
f 498/451/498 513/468/513 514/469/514 499/452/499
f 499/452/499 514/469/514 515/470/515 500/453/500
f 500/453/500 515/470/515 516/471/516 501/454/501
f 501/454/501 516/471/516 517/472/517 502/455/502
f 502/455/502 517/472/517 518/325/518 503/323/503
f 77/456/77 76/473/76 519/474/519 504/457/504
f 504/457/504 519/474/519 520/475/520 505/458/505
f 505/458/505 520/475/520 521/476/521 506/459/506
f 506/459/506 521/476/521 522/477/522 507/460/507
f 507/460/507 522/477/522 523/478/523 508/461/508
f 508/461/508 523/478/523 524/479/524 509/462/509
f 509/462/509 524/479/524 525/480/525 510/463/510
f 510/463/510 525/480/525 526/481/526 511/464/511
f 511/466/511 526/482/526 527/483/527 512/467/512
f 512/467/512 527/483/527 528/484/528 513/468/513
f 513/468/513 528/484/528 529/485/529 514/469/514
f 514/469/514 529/485/529 530/486/530 515/470/515
f 515/470/515 530/486/530 531/487/531 516/471/516
f 516/471/516 531/487/531 532/488/532 517/472/517
f 517/472/517 532/488/532 533/327/533 518/325/518
f 76/473/76 75/489/75 534/490/534 519/474/519
f 519/474/519 534/490/534 535/491/535 520/475/520
f 520/475/520 535/491/535 536/492/536 521/476/521
f 521/476/521 536/492/536 537/493/537 522/477/522
f 522/477/522 537/493/537 538/494/538 523/478/523
f 523/478/523 538/494/538 539/495/539 524/479/524
f 524/479/524 539/495/539 540/496/540 525/480/525
f 525/480/525 540/496/540 541/497/541 526/481/526
f 526/481/526 541/497/541 542/498/542 527/499/527
f 527/483/527 542/500/542 543/501/543 528/484/528
f 528/484/528 543/501/543 544/502/544 529/485/529
f 529/485/529 544/502/544 545/503/545 530/486/530
f 530/486/530 545/503/545 546/504/546 531/487/531
f 531/487/531 546/504/546 547/505/547 532/488/532
f 532/488/532 547/505/547 548/329/548 533/327/533
f 75/489/75 74/506/74 549/507/549 534/490/534
f 534/490/534 549/507/549 550/508/550 535/491/535
f 535/491/535 550/508/550 551/509/551 536/492/536
f 536/492/536 551/509/551 552/510/552 537/493/537
f 537/493/537 552/510/552 553/511/553 538/494/538
f 538/494/538 553/511/553 554/512/554 539/495/539
f 539/495/539 554/512/554 555/513/555 540/496/540
f 540/496/540 555/513/555 556/514/556 541/497/541
f 541/497/541 556/514/556 557/515/557 542/498/542
f 542/498/542 557/515/557 558/516/558 543/517/543
f 543/501/543 558/518/558 559/519/559 544/502/544
f 544/502/544 559/519/559 560/520/560 545/503/545
f 545/503/545 560/520/560 561/521/561 546/504/546
f 546/504/546 561/521/561 562/522/562 547/505/547
f 547/505/547 562/522/562 563/331/563 548/329/548
f 74/506/74 73/523/73 564/524/564 549/507/549
f 549/507/549 564/524/564 565/525/565 550/508/550
f 550/508/550 565/525/565 566/526/566 551/509/551
f 551/509/551 566/526/566 567/527/567 552/510/552
f 552/510/552 567/527/567 568/528/568 553/511/553
f 553/511/553 568/528/568 569/529/569 554/512/554
f 554/512/554 569/529/569 570/530/570 555/513/555
f 555/513/555 570/530/570 571/531/571 556/514/556
f 556/514/556 571/531/571 572/532/572 557/515/557
f 557/515/557 572/532/572 573/533/573 558/516/558
f 558/518/558 573/534/573 574/535/574 559/519/559
f 559/519/559 574/535/574 575/536/575 560/520/560
f 560/520/560 575/536/575 576/537/576 561/521/561
f 561/521/561 576/537/576 577/538/577 562/522/562
f 562/522/562 577/538/577 578/333/578 563/331/563
f 73/523/73 72/539/72 579/540/579 564/524/564
f 564/524/564 579/540/579 580/541/580 565/525/565
f 565/525/565 580/541/580 581/542/581 566/526/566
f 566/526/566 581/542/581 582/543/582 567/527/567
f 567/527/567 582/543/582 583/544/583 568/528/568
f 568/528/568 583/544/583 584/545/584 569/529/569
f 569/529/569 584/545/584 585/546/585 570/530/570
f 570/530/570 585/546/585 586/547/586 571/531/571
f 571/531/571 586/547/586 587/548/587 572/532/572
f 572/532/572 587/548/587 588/549/588 573/534/573
f 573/534/573 588/549/588 589/550/589 574/535/574
f 574/535/574 589/550/589 590/551/590 575/536/575
f 575/536/575 590/551/590 591/552/591 576/537/576
f 576/537/576 591/552/591 592/553/592 577/538/577
f 577/538/577 592/553/592 593/335/593 578/333/578
f 72/539/72 71/554/71 594/555/594 579/540/579
f 579/540/579 594/555/594 595/556/595 580/541/580
f 580/541/580 595/556/595 596/557/596 581/542/581
f 581/542/581 596/557/596 597/558/597 582/543/582
f 582/543/582 597/558/597 598/559/598 583/544/583
f 583/544/583 598/559/598 599/560/599 584/545/584
f 584/545/584 599/560/599 600/561/600 585/546/585
f 585/546/585 600/561/600 601/562/601 586/547/586
f 586/547/586 601/562/601 602/563/602 587/548/587
f 587/548/587 602/563/602 603/564/603 588/549/588
f 588/549/588 603/564/603 604/565/604 589/550/589
f 589/550/589 604/565/604 605/566/605 590/551/590
f 590/551/590 605/566/605 606/567/606 591/552/591
f 591/552/591 606/567/606 607/568/607 592/553/592
f 592/553/592 607/568/607 608/337/608 593/335/593
f 71/554/71 70/569/70 609/570/609 594/555/594
f 594/555/594 609/570/609 610/571/610 595/556/595
f 595/556/595 610/571/610 611/572/611 596/557/596
f 596/557/596 611/572/611 612/573/612 597/558/597
f 597/558/597 612/573/612 613/574/613 598/559/598
f 598/559/598 613/574/613 614/575/614 599/560/599
f 599/560/599 614/575/614 615/576/615 600/561/600
f 600/561/600 615/576/615 616/577/616 601/562/601
f 601/562/601 616/577/616 617/578/617 602/563/602
f 602/563/602 617/578/617 618/579/618 603/564/603
f 603/564/603 618/579/618 619/580/619 604/565/604
f 604/565/604 619/580/619 620/581/620 605/566/605
f 605/566/605 620/581/620 621/582/621 606/567/606
f 606/567/606 621/582/621 622/583/622 607/568/607
f 607/568/607 622/583/622 623/339/623 608/337/608
f 70/569/70 69/584/69 624/585/624 609/570/609
f 609/570/609 624/585/624 625/586/625 610/571/610
f 610/571/610 625/586/625 626/587/626 611/572/611
f 611/572/611 626/587/626 627/588/627 612/573/612
f 612/573/612 627/588/627 628/589/628 613/574/613
f 613/574/613 628/589/628 629/590/629 614/575/614
f 614/575/614 629/590/629 630/591/630 615/576/615
f 615/576/615 630/591/630 631/592/631 616/577/616
f 616/577/616 631/592/631 632/593/632 617/578/617
f 617/578/617 632/593/632 633/594/633 618/579/618
f 618/579/618 633/594/633 634/595/634 619/580/619
f 619/580/619 634/595/634 635/596/635 620/581/620
f 620/581/620 635/596/635 636/597/636 621/582/621
f 621/582/621 636/597/636 637/598/637 622/583/622
f 622/583/622 637/598/637 638/17/638 623/339/623
f 69/584/69 7/599/7 128/600/128 624/585/624
f 624/585/624 128/600/128 127/601/127 625/586/625
f 625/586/625 127/601/127 126/602/126 626/587/626
f 626/587/626 126/602/126 125/603/125 627/588/627
f 627/588/627 125/603/125 124/604/124 628/589/628
f 628/589/628 124/604/124 123/605/123 629/590/629
f 629/590/629 123/605/123 122/606/122 630/591/630
f 630/591/630 122/606/122 121/607/121 631/592/631
f 631/592/631 121/607/121 120/608/120 632/593/632
f 632/593/632 120/608/120 119/609/119 633/594/633
f 633/594/633 119/609/119 118/610/118 634/595/634
f 634/595/634 118/610/118 117/611/117 635/596/635
f 635/596/635 117/611/117 116/612/116 636/597/636
f 636/597/636 116/612/116 115/613/115 637/598/637
f 637/598/637 115/613/115 114/18/114 638/17/638
f 159/313/159 653/614/653 24/615/24 1/314/1
f 653/614/653 668/616/668 25/617/25 24/615/24
f 668/616/668 683/618/683 26/619/26 25/617/25
f 683/618/683 698/620/698 27/621/27 26/619/26
f 698/620/698 713/622/713 28/623/28 27/621/27
f 713/622/713 728/624/728 29/625/29 28/623/28
f 728/624/728 743/626/743 30/627/30 29/625/29
f 743/626/743 758/628/758 31/629/31 30/627/30
f 758/628/758 773/630/773 32/631/32 31/629/31
f 773/630/773 788/632/788 33/633/33 32/631/32
f 788/632/788 803/634/803 34/635/34 33/633/33
f 803/634/803 818/636/818 35/637/35 34/635/34
f 818/636/818 833/638/833 36/639/36 35/637/35
f 833/638/833 848/640/848 37/641/37 36/639/36
f 848/640/848 863/13/863 38/16/38 37/641/37
f 5/19/5 158/642/158 639/643/639 173/20/173
f 173/20/173 639/643/639 640/644/640 172/340/172
f 172/340/172 640/644/640 641/645/641 171/338/171
f 171/338/171 641/645/641 642/646/642 170/336/170
f 170/336/170 642/646/642 643/647/643 169/334/169
f 169/334/169 643/647/643 644/648/644 168/332/168
f 168/332/168 644/648/644 645/649/645 167/330/167
f 167/330/167 645/649/645 646/650/646 166/328/166
f 166/328/166 646/650/646 647/651/647 165/326/165
f 165/326/165 647/651/647 648/652/648 164/324/164
f 164/324/164 648/652/648 649/653/649 163/322/163
f 163/322/163 649/653/649 650/654/650 162/320/162
f 162/320/162 650/654/650 651/655/651 161/318/161
f 161/318/161 651/655/651 652/656/652 160/316/160
f 160/316/160 652/656/652 653/614/653 159/313/159
f 158/642/158 157/657/157 654/658/654 639/643/639
f 639/643/639 654/658/654 655/659/655 640/644/640
f 640/644/640 655/659/655 656/660/656 641/645/641
f 641/645/641 656/660/656 657/661/657 642/646/642
f 642/646/642 657/661/657 658/662/658 643/647/643
f 643/647/643 658/662/658 659/663/659 644/648/644
f 644/648/644 659/663/659 660/664/660 645/649/645
f 645/649/645 660/664/660 661/665/661 646/650/646
f 646/650/646 661/665/661 662/666/662 647/651/647
f 647/651/647 662/666/662 663/667/663 648/652/648
f 648/652/648 663/667/663 664/668/664 649/653/649
f 649/653/649 664/668/664 665/669/665 650/654/650
f 650/654/650 665/669/665 666/670/666 651/655/651
f 651/655/651 666/670/666 667/671/667 652/656/652
f 652/656/652 667/671/667 668/616/668 653/614/653
f 157/657/157 156/672/156 669/673/669 654/658/654
f 654/658/654 669/673/669 670/674/670 655/659/655
f 655/659/655 670/674/670 671/675/671 656/660/656
f 656/660/656 671/675/671 672/676/672 657/661/657
f 657/661/657 672/676/672 673/677/673 658/662/658
f 658/662/658 673/677/673 674/678/674 659/663/659
f 659/663/659 674/678/674 675/679/675 660/664/660
f 660/664/660 675/679/675 676/680/676 661/665/661
f 661/665/661 676/680/676 677/681/677 662/666/662
f 662/666/662 677/681/677 678/682/678 663/667/663
f 663/667/663 678/682/678 679/683/679 664/668/664
f 664/668/664 679/683/679 680/684/680 665/669/665
f 665/669/665 680/684/680 681/685/681 666/670/666
f 666/670/666 681/685/681 682/686/682 667/671/667
f 667/671/667 682/686/682 683/618/683 668/616/668
f 156/672/156 155/687/155 684/688/684 669/673/669
f 669/673/669 684/688/684 685/689/685 670/674/670
f 670/674/670 685/689/685 686/690/686 671/675/671
f 671/675/671 686/690/686 687/691/687 672/676/672
f 672/676/672 687/691/687 688/692/688 673/677/673
f 673/677/673 688/692/688 689/693/689 674/678/674
f 674/678/674 689/693/689 690/694/690 675/679/675
f 675/679/675 690/694/690 691/695/691 676/680/676
f 676/680/676 691/695/691 692/696/692 677/681/677
f 677/681/677 692/696/692 693/697/693 678/682/678
f 678/682/678 693/697/693 694/698/694 679/683/679
f 679/683/679 694/698/694 695/699/695 680/684/680
f 680/684/680 695/699/695 696/700/696 681/685/681
f 681/685/681 696/700/696 697/701/697 682/686/682
f 682/686/682 697/701/697 698/620/698 683/618/683
f 155/687/155 154/702/154 699/703/699 684/688/684
f 684/688/684 699/703/699 700/704/700 685/689/685
f 685/689/685 700/704/700 701/705/701 686/690/686
f 686/690/686 701/705/701 702/706/702 687/691/687
f 687/691/687 702/706/702 703/707/703 688/692/688
f 688/692/688 703/707/703 704/708/704 689/693/689
f 689/693/689 704/708/704 705/709/705 690/694/690
f 690/694/690 705/709/705 706/710/706 691/695/691
f 691/695/691 706/710/706 707/711/707 692/696/692
f 692/696/692 707/711/707 708/712/708 693/697/693
f 693/697/693 708/712/708 709/713/709 694/698/694
f 694/698/694 709/713/709 710/714/710 695/699/695
f 695/699/695 710/714/710 711/715/711 696/700/696
f 696/700/696 711/715/711 712/716/712 697/701/697
f 697/701/697 712/716/712 713/622/713 698/620/698
f 154/702/154 153/717/153 714/718/714 699/703/699
f 699/703/699 714/718/714 715/719/715 700/704/700
f 700/704/700 715/719/715 716/720/716 701/705/701
f 701/705/701 716/720/716 717/721/717 702/706/702
f 702/706/702 717/721/717 718/722/718 703/707/703
f 703/707/703 718/722/718 719/723/719 704/708/704
f 704/708/704 719/723/719 720/724/720 705/709/705
f 705/709/705 720/724/720 721/725/721 706/710/706
f 706/710/706 721/725/721 722/726/722 707/711/707
f 707/711/707 722/726/722 723/727/723 708/712/708
f 708/712/708 723/727/723 724/728/724 709/713/709
f 709/713/709 724/728/724 725/729/725 710/714/710
f 710/714/710 725/729/725 726/730/726 711/715/711
f 711/715/711 726/730/726 727/731/727 712/716/712
f 712/716/712 727/731/727 728/624/728 713/622/713
f 153/717/153 152/732/152 729/733/729 714/718/714
f 714/718/714 729/733/729 730/734/730 715/719/715
f 715/719/715 730/734/730 731/735/731 716/720/716
f 716/720/716 731/735/731 732/736/732 717/721/717
f 717/721/717 732/736/732 733/737/733 718/722/718
f 718/722/718 733/737/733 734/738/734 719/723/719
f 719/723/719 734/738/734 735/739/735 720/724/720
f 720/724/720 735/739/735 736/740/736 721/725/721
f 721/725/721 736/740/736 737/741/737 722/726/722
f 722/726/722 737/741/737 738/742/738 723/727/723
f 723/727/723 738/742/738 739/743/739 724/728/724
f 724/728/724 739/743/739 740/744/740 725/729/725
f 725/729/725 740/744/740 741/745/741 726/730/726
f 726/730/726 741/745/741 742/746/742 727/731/727
f 727/731/727 742/746/742 743/626/743 728/624/728
f 152/732/152 151/747/151 744/748/744 729/733/729
f 729/733/729 744/748/744 745/749/745 730/734/730
f 730/734/730 745/749/745 746/750/746 731/735/731
f 731/735/731 746/750/746 747/751/747 732/736/732
f 732/736/732 747/751/747 748/752/748 733/737/733
f 733/737/733 748/752/748 749/753/749 734/738/734
f 734/738/734 749/753/749 750/754/750 735/739/735
f 735/739/735 750/754/750 751/755/751 736/740/736
f 736/740/736 751/755/751 752/756/752 737/741/737
f 737/741/737 752/756/752 753/757/753 738/742/738
f 738/742/738 753/757/753 754/758/754 739/743/739
f 739/743/739 754/758/754 755/759/755 740/744/740
f 740/744/740 755/759/755 756/760/756 741/745/741
f 741/745/741 756/760/756 757/761/757 742/746/742
f 742/746/742 757/761/757 758/628/758 743/626/743
f 151/747/151 150/762/150 759/763/759 744/748/744
f 744/748/744 759/763/759 760/764/760 745/749/745
f 745/749/745 760/764/760 761/765/761 746/750/746
f 746/750/746 761/765/761 762/766/762 747/751/747
f 747/751/747 762/766/762 763/767/763 748/752/748
f 748/752/748 763/767/763 764/768/764 749/753/749
f 749/753/749 764/768/764 765/769/765 750/754/750
f 750/754/750 765/769/765 766/770/766 751/755/751
f 751/755/751 766/770/766 767/771/767 752/756/752
f 752/756/752 767/771/767 768/772/768 753/757/753
f 753/757/753 768/772/768 769/773/769 754/758/754
f 754/758/754 769/773/769 770/774/770 755/759/755
f 755/759/755 770/774/770 771/775/771 756/760/756
f 756/760/756 771/775/771 772/776/772 757/761/757
f 757/761/757 772/776/772 773/630/773 758/628/758
f 150/762/150 149/777/149 774/778/774 759/763/759
f 759/763/759 774/778/774 775/779/775 760/764/760
f 760/764/760 775/779/775 776/780/776 761/765/761
f 761/765/761 776/780/776 777/781/777 762/766/762
f 762/766/762 777/781/777 778/782/778 763/767/763
f 763/767/763 778/782/778 779/783/779 764/768/764
f 764/768/764 779/783/779 780/784/780 765/769/765
f 765/769/765 780/784/780 781/785/781 766/770/766
f 766/770/766 781/785/781 782/786/782 767/771/767
f 767/771/767 782/786/782 783/787/783 768/772/768
f 768/772/768 783/787/783 784/788/784 769/773/769
f 769/773/769 784/788/784 785/789/785 770/774/770
f 770/774/770 785/789/785 786/790/786 771/775/771
f 771/775/771 786/790/786 787/791/787 772/776/772
f 772/776/772 787/791/787 788/632/788 773/630/773
f 149/777/149 148/792/148 789/793/789 774/778/774
f 774/778/774 789/793/789 790/794/790 775/779/775
f 775/779/775 790/794/790 791/795/791 776/780/776
f 776/780/776 791/795/791 792/796/792 777/781/777
f 777/781/777 792/796/792 793/797/793 778/782/778
f 778/782/778 793/797/793 794/798/794 779/783/779
f 779/783/779 794/798/794 795/799/795 780/784/780
f 780/784/780 795/799/795 796/800/796 781/785/781
f 781/785/781 796/800/796 797/801/797 782/786/782
f 782/786/782 797/801/797 798/802/798 783/787/783
f 783/787/783 798/802/798 799/803/799 784/788/784
f 784/788/784 799/803/799 800/804/800 785/789/785
f 785/789/785 800/804/800 801/805/801 786/790/786
f 786/790/786 801/805/801 802/806/802 787/791/787
f 787/791/787 802/806/802 803/634/803 788/632/788
f 148/792/148 147/807/147 804/808/804 789/793/789
f 789/793/789 804/808/804 805/809/805 790/794/790
f 790/794/790 805/809/805 806/810/806 791/795/791
f 791/795/791 806/810/806 807/811/807 792/796/792
f 792/796/792 807/811/807 808/812/808 793/797/793
f 793/797/793 808/812/808 809/813/809 794/798/794
f 794/798/794 809/813/809 810/814/810 795/799/795
f 795/799/795 810/814/810 811/815/811 796/800/796
f 796/800/796 811/815/811 812/816/812 797/801/797
f 797/801/797 812/816/812 813/817/813 798/802/798
f 798/802/798 813/817/813 814/818/814 799/803/799
f 799/803/799 814/818/814 815/819/815 800/804/800
f 800/804/800 815/819/815 816/820/816 801/805/801
f 801/805/801 816/820/816 817/821/817 802/806/802
f 802/806/802 817/821/817 818/636/818 803/634/803
f 147/807/147 146/822/146 819/823/819 804/808/804
f 804/808/804 819/823/819 820/824/820 805/809/805
f 805/809/805 820/824/820 821/825/821 806/810/806
f 806/810/806 821/825/821 822/826/822 807/811/807
f 807/811/807 822/826/822 823/827/823 808/812/808
f 808/812/808 823/827/823 824/828/824 809/813/809
f 809/813/809 824/828/824 825/829/825 810/814/810
f 810/814/810 825/829/825 826/830/826 811/815/811
f 811/815/811 826/830/826 827/831/827 812/816/812
f 812/816/812 827/831/827 828/832/828 813/817/813
f 813/817/813 828/832/828 829/833/829 814/818/814
f 814/818/814 829/833/829 830/834/830 815/819/815
f 815/819/815 830/834/830 831/835/831 816/820/816
f 816/820/816 831/835/831 832/836/832 817/821/817
f 817/821/817 832/836/832 833/638/833 818/636/818
f 146/822/146 145/837/145 834/838/834 819/823/819
f 819/823/819 834/838/834 835/839/835 820/824/820
f 820/824/820 835/839/835 836/840/836 821/825/821
f 821/825/821 836/840/836 837/841/837 822/826/822
f 822/826/822 837/841/837 838/842/838 823/827/823
f 823/827/823 838/842/838 839/843/839 824/828/824
f 824/828/824 839/843/839 840/844/840 825/829/825
f 825/829/825 840/844/840 841/845/841 826/830/826
f 826/830/826 841/845/841 842/846/842 827/831/827
f 827/831/827 842/846/842 843/847/843 828/832/828
f 828/832/828 843/847/843 844/848/844 829/833/829
f 829/833/829 844/848/844 845/849/845 830/834/830
f 830/834/830 845/849/845 846/850/846 831/835/831
f 831/835/831 846/850/846 847/851/847 832/836/832
f 832/836/832 847/851/847 848/640/848 833/638/833
f 145/837/145 144/12/144 849/852/849 834/838/834
f 834/838/834 849/852/849 850/853/850 835/839/835
f 835/839/835 850/853/850 851/854/851 836/840/836
f 836/840/836 851/854/851 852/855/852 837/841/837
f 837/841/837 852/855/852 853/856/853 838/842/838
f 838/842/838 853/856/853 854/857/854 839/843/839
f 839/843/839 854/857/854 855/858/855 840/844/840
f 840/844/840 855/858/855 856/859/856 841/845/841
f 841/845/841 856/859/856 857/860/857 842/846/842
f 842/846/842 857/860/857 858/861/858 843/847/843
f 843/847/843 858/861/858 859/862/859 844/848/844
f 844/848/844 859/862/859 860/863/860 845/849/845
f 845/849/845 860/863/860 861/864/861 846/850/846
f 846/850/846 861/864/861 862/865/862 847/851/847
f 847/851/847 862/865/862 863/13/863 848/640/848
f 144/12/144 6/11/6 174/24/174 849/852/849
f 849/852/849 174/24/174 175/26/175 850/853/850
f 850/853/850 175/26/175 176/28/176 851/854/851
f 851/854/851 176/28/176 177/30/177 852/855/852
f 852/855/852 177/30/177 178/32/178 853/856/853
f 853/856/853 178/32/178 179/34/179 854/857/854
f 854/857/854 179/34/179 180/36/180 855/858/855
f 855/858/855 180/36/180 181/38/181 856/859/856
f 856/859/856 181/38/181 182/40/182 857/860/857
f 857/860/857 182/40/182 183/42/183 858/861/858
f 858/861/858 183/42/183 184/44/184 859/862/859
f 859/862/859 184/44/184 185/46/185 860/863/860
f 860/863/860 185/46/185 186/48/186 861/864/861
f 861/864/861 186/48/186 187/50/187 862/865/862
f 862/865/862 187/50/187 188/14/188 863/13/863
f 114/18/114 878/866/878 158/642/158 5/19/5
f 878/866/878 893/867/893 157/657/157 158/642/158
f 893/867/893 908/868/908 156/672/156 157/657/157
f 908/868/908 923/869/923 155/687/155 156/672/156
f 923/869/923 938/870/938 154/702/154 155/687/155
f 938/870/938 953/871/953 153/717/153 154/702/154
f 953/871/953 968/872/968 152/732/152 153/717/153
f 968/872/968 983/873/983 151/747/151 152/732/152
f 983/873/983 998/874/998 150/762/150 151/747/151
f 998/874/998 1013/875/1013 149/777/149 150/762/150
f 1013/875/1013 1028/876/1028 148/792/148 149/777/149
f 1028/876/1028 1043/877/1043 147/807/147 148/792/148
f 1043/877/1043 1058/878/1058 146/822/146 147/807/147
f 1058/878/1058 1073/879/1073 145/837/145 146/822/146
f 1073/879/1073 1088/9/1088 144/12/144 145/837/145
f 7/599/7 113/880/113 864/881/864 128/600/128
f 128/600/128 864/881/864 865/882/865 127/601/127
f 127/601/127 865/882/865 866/883/866 126/602/126
f 126/602/126 866/883/866 867/884/867 125/603/125
f 125/603/125 867/884/867 868/885/868 124/604/124
f 124/604/124 868/885/868 869/886/869 123/605/123
f 123/605/123 869/886/869 870/887/870 122/606/122
f 122/606/122 870/887/870 871/888/871 121/607/121
f 121/607/121 871/888/871 872/889/872 120/608/120
f 120/608/120 872/889/872 873/890/873 119/609/119
f 119/609/119 873/890/873 874/891/874 118/610/118
f 118/610/118 874/891/874 875/892/875 117/611/117
f 117/611/117 875/892/875 876/893/876 116/612/116
f 116/612/116 876/893/876 877/894/877 115/613/115
f 115/613/115 877/894/877 878/866/878 114/18/114
f 113/880/113 112/895/112 879/896/879 864/881/864
f 864/881/864 879/896/879 880/897/880 865/882/865
f 865/882/865 880/897/880 881/898/881 866/883/866
f 866/883/866 881/898/881 882/899/882 867/884/867
f 867/884/867 882/899/882 883/900/883 868/885/868
f 868/885/868 883/900/883 884/901/884 869/886/869
f 869/886/869 884/901/884 885/902/885 870/887/870
f 870/887/870 885/902/885 886/903/886 871/888/871
f 871/888/871 886/903/886 887/904/887 872/889/872
f 872/889/872 887/904/887 888/905/888 873/890/873
f 873/890/873 888/905/888 889/906/889 874/891/874
f 874/891/874 889/906/889 890/907/890 875/892/875
f 875/892/875 890/907/890 891/908/891 876/893/876
f 876/893/876 891/908/891 892/909/892 877/894/877
f 877/894/877 892/909/892 893/867/893 878/866/878
f 112/895/112 111/910/111 894/911/894 879/896/879
f 879/896/879 894/911/894 895/912/895 880/897/880
f 880/897/880 895/912/895 896/913/896 881/898/881
f 881/898/881 896/913/896 897/914/897 882/899/882
f 882/899/882 897/914/897 898/915/898 883/900/883
f 883/900/883 898/915/898 899/916/899 884/901/884
f 884/901/884 899/916/899 900/917/900 885/902/885
f 885/902/885 900/917/900 901/918/901 886/903/886
f 886/903/886 901/918/901 902/919/902 887/904/887
f 887/904/887 902/919/902 903/920/903 888/905/888
f 888/905/888 903/920/903 904/921/904 889/906/889
f 889/906/889 904/921/904 905/922/905 890/907/890
f 890/907/890 905/922/905 906/923/906 891/908/891
f 891/908/891 906/923/906 907/924/907 892/909/892
f 892/909/892 907/924/907 908/868/908 893/867/893
f 111/910/111 110/925/110 909/926/909 894/911/894
f 894/911/894 909/926/909 910/927/910 895/912/895
f 895/912/895 910/927/910 911/928/911 896/913/896
f 896/913/896 911/928/911 912/929/912 897/914/897
f 897/914/897 912/929/912 913/930/913 898/915/898
f 898/915/898 913/930/913 914/931/914 899/916/899
f 899/916/899 914/931/914 915/932/915 900/917/900
f 900/917/900 915/932/915 916/933/916 901/918/901
f 901/918/901 916/933/916 917/934/917 902/919/902
f 902/919/902 917/934/917 918/935/918 903/920/903
f 903/920/903 918/935/918 919/936/919 904/921/904
f 904/921/904 919/936/919 920/937/920 905/922/905
f 905/922/905 920/937/920 921/938/921 906/923/906
f 906/923/906 921/938/921 922/939/922 907/924/907
f 907/924/907 922/939/922 923/869/923 908/868/908
f 110/925/110 109/940/109 924/941/924 909/926/909
f 909/926/909 924/941/924 925/942/925 910/927/910
f 910/927/910 925/942/925 926/943/926 911/928/911
f 911/928/911 926/943/926 927/944/927 912/929/912
f 912/929/912 927/944/927 928/945/928 913/930/913
f 913/930/913 928/945/928 929/946/929 914/931/914
f 914/931/914 929/946/929 930/947/930 915/932/915
f 915/932/915 930/947/930 931/948/931 916/933/916
f 916/933/916 931/948/931 932/949/932 917/934/917
f 917/934/917 932/949/932 933/950/933 918/935/918
f 918/935/918 933/950/933 934/951/934 919/936/919
f 919/936/919 934/951/934 935/952/935 920/937/920
f 920/937/920 935/952/935 936/953/936 921/938/921
f 921/938/921 936/953/936 937/954/937 922/939/922
f 922/939/922 937/954/937 938/870/938 923/869/923
f 109/940/109 108/955/108 939/956/939 924/941/924
f 924/941/924 939/956/939 940/957/940 925/942/925
f 925/942/925 940/957/940 941/958/941 926/943/926
f 926/943/926 941/958/941 942/959/942 927/944/927
f 927/944/927 942/959/942 943/960/943 928/945/928
f 928/945/928 943/960/943 944/961/944 929/946/929
f 929/946/929 944/961/944 945/962/945 930/947/930
f 930/947/930 945/962/945 946/963/946 931/948/931
f 931/948/931 946/963/946 947/964/947 932/949/932
f 932/949/932 947/964/947 948/965/948 933/950/933
f 933/950/933 948/965/948 949/966/949 934/951/934
f 934/951/934 949/966/949 950/967/950 935/952/935
f 935/952/935 950/967/950 951/968/951 936/953/936
f 936/953/936 951/968/951 952/969/952 937/954/937
f 937/954/937 952/969/952 953/871/953 938/870/938
f 108/955/108 107/970/107 954/971/954 939/956/939
f 939/956/939 954/971/954 955/972/955 940/957/940
f 940/957/940 955/972/955 956/973/956 941/958/941
f 941/958/941 956/973/956 957/974/957 942/959/942
f 942/959/942 957/974/957 958/975/958 943/960/943
f 943/960/943 958/975/958 959/976/959 944/961/944
f 944/961/944 959/976/959 960/977/960 945/962/945
f 945/962/945 960/977/960 961/978/961 946/963/946
f 946/963/946 961/978/961 962/979/962 947/964/947
f 947/964/947 962/979/962 963/980/963 948/965/948
f 948/965/948 963/980/963 964/981/964 949/966/949
f 949/966/949 964/981/964 965/982/965 950/967/950
f 950/967/950 965/982/965 966/983/966 951/968/951
f 951/968/951 966/983/966 967/984/967 952/969/952
f 952/969/952 967/984/967 968/872/968 953/871/953
f 107/970/107 106/985/106 969/986/969 954/971/954
f 954/971/954 969/986/969 970/987/970 955/972/955
f 955/972/955 970/987/970 971/988/971 956/973/956
f 956/973/956 971/988/971 972/989/972 957/974/957
f 957/974/957 972/989/972 973/990/973 958/975/958
f 958/975/958 973/990/973 974/991/974 959/976/959
f 959/976/959 974/991/974 975/992/975 960/977/960
f 960/977/960 975/992/975 976/993/976 961/978/961
f 961/978/961 976/993/976 977/994/977 962/979/962
f 962/979/962 977/994/977 978/995/978 963/980/963
f 963/980/963 978/995/978 979/996/979 964/981/964
f 964/981/964 979/996/979 980/997/980 965/982/965
f 965/982/965 980/997/980 981/998/981 966/983/966
f 966/983/966 981/998/981 982/999/982 967/984/967
f 967/984/967 982/999/982 983/873/983 968/872/968
f 106/985/106 105/1000/105 984/1001/984 969/986/969
f 969/986/969 984/1001/984 985/1002/985 970/987/970
f 970/987/970 985/1002/985 986/1003/986 971/988/971
f 971/988/971 986/1003/986 987/1004/987 972/989/972
f 972/989/972 987/1004/987 988/1005/988 973/990/973
f 973/990/973 988/1005/988 989/1006/989 974/991/974
f 974/991/974 989/1006/989 990/1007/990 975/992/975
f 975/992/975 990/1007/990 991/1008/991 976/993/976
f 976/993/976 991/1008/991 992/1009/992 977/994/977
f 977/994/977 992/1009/992 993/1010/993 978/995/978
f 978/995/978 993/1010/993 994/1011/994 979/996/979
f 979/996/979 994/1011/994 995/1012/995 980/997/980
f 980/997/980 995/1012/995 996/1013/996 981/998/981
f 981/998/981 996/1013/996 997/1014/997 982/999/982
f 982/999/982 997/1014/997 998/874/998 983/873/983
f 105/1000/105 104/1015/104 999/1016/999 984/1001/984
f 984/1001/984 999/1016/999 1000/1017/1000 985/1002/985
f 985/1002/985 1000/1017/1000 1001/1018/1001 986/1003/986
f 986/1003/986 1001/1018/1001 1002/1019/1002 987/1004/987
f 987/1004/987 1002/1019/1002 1003/1020/1003 988/1005/988
f 988/1005/988 1003/1020/1003 1004/1021/1004 989/1006/989
f 989/1006/989 1004/1021/1004 1005/1022/1005 990/1007/990
f 990/1007/990 1005/1022/1005 1006/1023/1006 991/1008/991
f 991/1008/991 1006/1023/1006 1007/1024/1007 992/1009/992
f 992/1009/992 1007/1024/1007 1008/1025/1008 993/1010/993
f 993/1010/993 1008/1025/1008 1009/1026/1009 994/1011/994
f 994/1011/994 1009/1026/1009 1010/1027/1010 995/1012/995
f 995/1012/995 1010/1027/1010 1011/1028/1011 996/1013/996
f 996/1013/996 1011/1028/1011 1012/1029/1012 997/1014/997
f 997/1014/997 1012/1029/1012 1013/875/1013 998/874/998
f 104/1015/104 103/1030/103 1014/1031/1014 999/1016/999
f 999/1016/999 1014/1031/1014 1015/1032/1015 1000/1017/1000
f 1000/1017/1000 1015/1032/1015 1016/1033/1016 1001/1018/1001
f 1001/1018/1001 1016/1033/1016 1017/1034/1017 1002/1019/1002
f 1002/1019/1002 1017/1034/1017 1018/1035/1018 1003/1020/1003
f 1003/1020/1003 1018/1035/1018 1019/1036/1019 1004/1021/1004
f 1004/1021/1004 1019/1036/1019 1020/1037/1020 1005/1022/1005
f 1005/1022/1005 1020/1037/1020 1021/1038/1021 1006/1023/1006
f 1006/1023/1006 1021/1038/1021 1022/1039/1022 1007/1024/1007
f 1007/1024/1007 1022/1039/1022 1023/1040/1023 1008/1025/1008
f 1008/1025/1008 1023/1040/1023 1024/1041/1024 1009/1026/1009
f 1009/1026/1009 1024/1041/1024 1025/1042/1025 1010/1027/1010
f 1010/1027/1010 1025/1042/1025 1026/1043/1026 1011/1028/1011
f 1011/1028/1011 1026/1043/1026 1027/1044/1027 1012/1029/1012
f 1012/1029/1012 1027/1044/1027 1028/876/1028 1013/875/1013
f 103/1030/103 102/1045/102 1029/1046/1029 1014/1031/1014
f 1014/1031/1014 1029/1046/1029 1030/1047/1030 1015/1032/1015
f 1015/1032/1015 1030/1047/1030 1031/1048/1031 1016/1033/1016
f 1016/1033/1016 1031/1048/1031 1032/1049/1032 1017/1034/1017
f 1017/1034/1017 1032/1049/1032 1033/1050/1033 1018/1035/1018
f 1018/1035/1018 1033/1050/1033 1034/1051/1034 1019/1036/1019
f 1019/1036/1019 1034/1051/1034 1035/1052/1035 1020/1037/1020
f 1020/1037/1020 1035/1052/1035 1036/1053/1036 1021/1038/1021
f 1021/1038/1021 1036/1053/1036 1037/1054/1037 1022/1039/1022
f 1022/1039/1022 1037/1054/1037 1038/1055/1038 1023/1040/1023
f 1023/1040/1023 1038/1055/1038 1039/1056/1039 1024/1041/1024
f 1024/1041/1024 1039/1056/1039 1040/1057/1040 1025/1042/1025
f 1025/1042/1025 1040/1057/1040 1041/1058/1041 1026/1043/1026
f 1026/1043/1026 1041/1058/1041 1042/1059/1042 1027/1044/1027
f 1027/1044/1027 1042/1059/1042 1043/877/1043 1028/876/1028
f 102/1045/102 101/1060/101 1044/1061/1044 1029/1046/1029
f 1029/1046/1029 1044/1061/1044 1045/1062/1045 1030/1047/1030
f 1030/1047/1030 1045/1062/1045 1046/1063/1046 1031/1048/1031
f 1031/1048/1031 1046/1063/1046 1047/1064/1047 1032/1049/1032
f 1032/1049/1032 1047/1064/1047 1048/1065/1048 1033/1050/1033
f 1033/1050/1033 1048/1065/1048 1049/1066/1049 1034/1051/1034
f 1034/1051/1034 1049/1066/1049 1050/1067/1050 1035/1052/1035
f 1035/1052/1035 1050/1067/1050 1051/1068/1051 1036/1053/1036
f 1036/1053/1036 1051/1068/1051 1052/1069/1052 1037/1054/1037
f 1037/1054/1037 1052/1069/1052 1053/1070/1053 1038/1055/1038
f 1038/1055/1038 1053/1070/1053 1054/1071/1054 1039/1056/1039
f 1039/1056/1039 1054/1071/1054 1055/1072/1055 1040/1057/1040
f 1040/1057/1040 1055/1072/1055 1056/1073/1056 1041/1058/1041
f 1041/1058/1041 1056/1073/1056 1057/1074/1057 1042/1059/1042
f 1042/1059/1042 1057/1074/1057 1058/878/1058 1043/877/1043
f 101/1060/101 100/1075/100 1059/1076/1059 1044/1061/1044
f 1044/1061/1044 1059/1076/1059 1060/1077/1060 1045/1062/1045
f 1045/1062/1045 1060/1077/1060 1061/1078/1061 1046/1063/1046
f 1046/1063/1046 1061/1078/1061 1062/1079/1062 1047/1064/1047
f 1047/1064/1047 1062/1079/1062 1063/1080/1063 1048/1065/1048
f 1048/1065/1048 1063/1080/1063 1064/1081/1064 1049/1066/1049
f 1049/1066/1049 1064/1081/1064 1065/1082/1065 1050/1067/1050
f 1050/1067/1050 1065/1082/1065 1066/1083/1066 1051/1068/1051
f 1051/1068/1051 1066/1083/1066 1067/1084/1067 1052/1069/1052
f 1052/1069/1052 1067/1084/1067 1068/1085/1068 1053/1070/1053
f 1053/1070/1053 1068/1085/1068 1069/1086/1069 1054/1071/1054
f 1054/1071/1054 1069/1086/1069 1070/1087/1070 1055/1072/1055
f 1055/1072/1055 1070/1087/1070 1071/1088/1071 1056/1073/1056
f 1056/1073/1056 1071/1088/1071 1072/1089/1072 1057/1074/1057
f 1057/1074/1057 1072/1089/1072 1073/879/1073 1058/878/1058
f 100/1075/100 99/8/99 1074/1090/1074 1059/1076/1059
f 1059/1076/1059 1074/1090/1074 1075/1091/1075 1060/1077/1060
f 1060/1077/1060 1075/1091/1075 1076/1092/1076 1061/1078/1061
f 1061/1078/1061 1076/1092/1076 1077/1093/1077 1062/1079/1062
f 1062/1079/1062 1077/1093/1077 1078/1094/1078 1063/1080/1063
f 1063/1080/1063 1078/1094/1078 1079/1095/1079 1064/1081/1064
f 1064/1081/1064 1079/1095/1079 1080/1096/1080 1065/1082/1065
f 1065/1082/1065 1080/1096/1080 1081/1097/1081 1066/1083/1066
f 1066/1083/1066 1081/1097/1081 1082/1098/1082 1067/1084/1067
f 1067/1084/1067 1082/1098/1082 1083/1099/1083 1068/1085/1068
f 1068/1085/1068 1083/1099/1083 1084/1100/1084 1069/1086/1069
f 1069/1086/1069 1084/1100/1084 1085/1101/1085 1070/1087/1070
f 1070/1087/1070 1085/1101/1085 1086/1102/1086 1071/1088/1071
f 1071/1088/1071 1086/1102/1086 1087/1103/1087 1072/1089/1072
f 1072/1089/1072 1087/1103/1087 1088/9/1088 1073/879/1073
f 99/8/99 8/7/8 129/52/129 1074/1090/1074
f 1074/1090/1074 129/52/129 130/54/130 1075/1091/1075
f 1075/1091/1075 130/54/130 131/56/131 1076/1092/1076
f 1076/1092/1076 131/56/131 132/58/132 1077/1093/1077
f 1077/1093/1077 132/58/132 133/60/133 1078/1094/1078
f 1078/1094/1078 133/60/133 134/62/134 1079/1095/1079
f 1079/1095/1079 134/62/134 135/64/135 1080/1096/1080
f 1080/1096/1080 135/64/135 136/66/136 1081/1097/1081
f 1081/1097/1081 136/66/136 137/68/137 1082/1098/1082
f 1082/1098/1082 137/68/137 138/70/138 1083/1099/1083
f 1083/1099/1083 138/70/138 139/72/139 1084/1100/1084
f 1084/1100/1084 139/72/139 140/74/140 1085/1101/1085
f 1085/1101/1085 140/74/140 141/76/141 1086/1102/1086
f 1086/1102/1086 141/76/141 142/78/142 1087/1103/1087
f 1087/1103/1087 142/78/142 143/10/143 1088/9/1088
f 69/584/69 1103/1104/1103 113/880/113 7/599/7
f 1103/1104/1103 1118/1105/1118 112/895/112 113/880/113
f 1118/1105/1118 1133/1106/1133 111/910/111 112/895/112
f 1133/1106/1133 1148/1107/1148 110/925/110 111/910/111
f 1148/1107/1148 1163/1108/1163 109/940/109 110/925/110
f 1163/1108/1163 1178/1109/1178 108/955/108 109/940/109
f 1178/1109/1178 1193/1110/1193 107/970/107 108/955/108
f 1193/1110/1193 1208/1111/1208 106/985/106 107/970/107
f 1208/1111/1208 1223/1112/1223 105/1000/105 106/985/106
f 1223/1112/1223 1238/1113/1238 104/1015/104 105/1000/105
f 1238/1113/1238 1253/1114/1253 103/1030/103 104/1015/104
f 1253/1114/1253 1268/1115/1268 102/1045/102 103/1030/103
f 1268/1115/1268 1283/1116/1283 101/1060/101 102/1045/102
f 1283/1116/1283 1298/1117/1298 100/1075/100 101/1060/101
f 1298/1117/1298 1313/5/1313 99/8/99 100/1075/100
f 3/341/3 68/1118/68 1089/1119/1089 83/342/83
f 83/342/83 1089/1119/1089 1090/1120/1090 82/373/82
f 82/373/82 1090/1120/1090 1091/1121/1091 81/390/81
f 81/390/81 1091/1121/1091 1092/1122/1092 80/407/80
f 80/407/80 1092/1122/1092 1093/1123/1093 79/423/79
f 79/423/79 1093/1123/1093 1094/1124/1094 78/440/78
f 78/440/78 1094/1124/1094 1095/1125/1095 77/456/77
f 77/456/77 1095/1125/1095 1096/1126/1096 76/473/76
f 76/473/76 1096/1126/1096 1097/1127/1097 75/489/75
f 75/489/75 1097/1127/1097 1098/1128/1098 74/506/74
f 74/506/74 1098/1128/1098 1099/1129/1099 73/523/73
f 73/523/73 1099/1129/1099 1100/1130/1100 72/539/72
f 72/539/72 1100/1130/1100 1101/1131/1101 71/554/71
f 71/554/71 1101/1131/1101 1102/1132/1102 70/569/70
f 70/569/70 1102/1132/1102 1103/1104/1103 69/584/69
f 68/1118/68 67/1133/67 1104/1134/1104 1089/1119/1089
f 1089/1119/1089 1104/1134/1104 1105/1135/1105 1090/1120/1090
f 1090/1120/1090 1105/1135/1105 1106/1136/1106 1091/1121/1091
f 1091/1121/1091 1106/1136/1106 1107/1137/1107 1092/1122/1092
f 1092/1122/1092 1107/1137/1107 1108/1138/1108 1093/1123/1093
f 1093/1123/1093 1108/1138/1108 1109/1139/1109 1094/1124/1094
f 1094/1124/1094 1109/1139/1109 1110/1140/1110 1095/1125/1095
f 1095/1125/1095 1110/1140/1110 1111/1141/1111 1096/1126/1096
f 1096/1126/1096 1111/1141/1111 1112/1142/1112 1097/1127/1097
f 1097/1127/1097 1112/1142/1112 1113/1143/1113 1098/1128/1098
f 1098/1128/1098 1113/1143/1113 1114/1144/1114 1099/1129/1099
f 1099/1129/1099 1114/1144/1114 1115/1145/1115 1100/1130/1100
f 1100/1130/1100 1115/1145/1115 1116/1146/1116 1101/1131/1101
f 1101/1131/1101 1116/1146/1116 1117/1147/1117 1102/1132/1102
f 1102/1132/1102 1117/1147/1117 1118/1105/1118 1103/1104/1103
f 67/1133/67 66/1148/66 1119/1149/1119 1104/1134/1104
f 1104/1134/1104 1119/1149/1119 1120/1150/1120 1105/1135/1105
f 1105/1135/1105 1120/1150/1120 1121/1151/1121 1106/1136/1106
f 1106/1136/1106 1121/1151/1121 1122/1152/1122 1107/1137/1107
f 1107/1137/1107 1122/1152/1122 1123/1153/1123 1108/1138/1108
f 1108/1138/1108 1123/1153/1123 1124/1154/1124 1109/1139/1109
f 1109/1139/1109 1124/1154/1124 1125/1155/1125 1110/1140/1110
f 1110/1140/1110 1125/1155/1125 1126/1156/1126 1111/1141/1111
f 1111/1141/1111 1126/1156/1126 1127/1157/1127 1112/1142/1112
f 1112/1142/1112 1127/1157/1127 1128/1158/1128 1113/1143/1113
f 1113/1143/1113 1128/1158/1128 1129/1159/1129 1114/1144/1114
f 1114/1144/1114 1129/1159/1129 1130/1160/1130 1115/1145/1115
f 1115/1145/1115 1130/1160/1130 1131/1161/1131 1116/1146/1116
f 1116/1146/1116 1131/1161/1131 1132/1162/1132 1117/1147/1117
f 1117/1147/1117 1132/1162/1132 1133/1106/1133 1118/1105/1118
f 66/1148/66 65/1163/65 1134/1164/1134 1119/1149/1119
f 1119/1149/1119 1134/1164/1134 1135/1165/1135 1120/1150/1120
f 1120/1150/1120 1135/1165/1135 1136/1166/1136 1121/1151/1121
f 1121/1151/1121 1136/1166/1136 1137/1167/1137 1122/1152/1122
f 1122/1152/1122 1137/1167/1137 1138/1168/1138 1123/1153/1123
f 1123/1153/1123 1138/1168/1138 1139/1169/1139 1124/1154/1124
f 1124/1154/1124 1139/1169/1139 1140/1170/1140 1125/1155/1125
f 1125/1155/1125 1140/1170/1140 1141/1171/1141 1126/1156/1126
f 1126/1156/1126 1141/1171/1141 1142/1172/1142 1127/1157/1127
f 1127/1157/1127 1142/1172/1142 1143/1173/1143 1128/1158/1128
f 1128/1158/1128 1143/1173/1143 1144/1174/1144 1129/1159/1129
f 1129/1159/1129 1144/1174/1144 1145/1175/1145 1130/1160/1130
f 1130/1160/1130 1145/1175/1145 1146/1176/1146 1131/1161/1131
f 1131/1161/1131 1146/1176/1146 1147/1177/1147 1132/1162/1132
f 1132/1162/1132 1147/1177/1147 1148/1107/1148 1133/1106/1133
f 65/1163/65 64/1178/64 1149/1179/1149 1134/1164/1134
f 1134/1164/1134 1149/1179/1149 1150/1180/1150 1135/1165/1135
f 1135/1165/1135 1150/1180/1150 1151/1181/1151 1136/1166/1136
f 1136/1166/1136 1151/1181/1151 1152/1182/1152 1137/1167/1137
f 1137/1167/1137 1152/1182/1152 1153/1183/1153 1138/1168/1138
f 1138/1168/1138 1153/1183/1153 1154/1184/1154 1139/1169/1139
f 1139/1169/1139 1154/1184/1154 1155/1185/1155 1140/1170/1140
f 1140/1170/1140 1155/1185/1155 1156/1186/1156 1141/1171/1141
f 1141/1171/1141 1156/1186/1156 1157/1187/1157 1142/1172/1142
f 1142/1172/1142 1157/1187/1157 1158/1188/1158 1143/1173/1143
f 1143/1173/1143 1158/1188/1158 1159/1189/1159 1144/1174/1144
f 1144/1174/1144 1159/1189/1159 1160/1190/1160 1145/1175/1145
f 1145/1175/1145 1160/1190/1160 1161/1191/1161 1146/1176/1146
f 1146/1176/1146 1161/1191/1161 1162/1192/1162 1147/1177/1147
f 1147/1177/1147 1162/1192/1162 1163/1108/1163 1148/1107/1148
f 64/1178/64 63/1193/63 1164/1194/1164 1149/1179/1149
f 1149/1179/1149 1164/1194/1164 1165/1195/1165 1150/1180/1150
f 1150/1180/1150 1165/1195/1165 1166/1196/1166 1151/1181/1151
f 1151/1181/1151 1166/1196/1166 1167/1197/1167 1152/1182/1152
f 1152/1182/1152 1167/1197/1167 1168/1198/1168 1153/1183/1153
f 1153/1183/1153 1168/1198/1168 1169/1199/1169 1154/1184/1154
f 1154/1184/1154 1169/1199/1169 1170/1200/1170 1155/1185/1155
f 1155/1185/1155 1170/1200/1170 1171/1201/1171 1156/1186/1156
f 1156/1186/1156 1171/1201/1171 1172/1202/1172 1157/1187/1157
f 1157/1187/1157 1172/1202/1172 1173/1203/1173 1158/1188/1158
f 1158/1188/1158 1173/1203/1173 1174/1204/1174 1159/1189/1159
f 1159/1189/1159 1174/1204/1174 1175/1205/1175 1160/1190/1160
f 1160/1190/1160 1175/1205/1175 1176/1206/1176 1161/1191/1161
f 1161/1191/1161 1176/1206/1176 1177/1207/1177 1162/1192/1162
f 1162/1192/1162 1177/1207/1177 1178/1109/1178 1163/1108/1163
f 63/1193/63 62/1208/62 1179/1209/1179 1164/1194/1164
f 1164/1194/1164 1179/1209/1179 1180/1210/1180 1165/1195/1165
f 1165/1195/1165 1180/1210/1180 1181/1211/1181 1166/1196/1166
f 1166/1196/1166 1181/1211/1181 1182/1212/1182 1167/1197/1167
f 1167/1197/1167 1182/1212/1182 1183/1213/1183 1168/1198/1168
f 1168/1198/1168 1183/1213/1183 1184/1214/1184 1169/1199/1169
f 1169/1199/1169 1184/1214/1184 1185/1215/1185 1170/1200/1170
f 1170/1200/1170 1185/1215/1185 1186/1216/1186 1171/1201/1171
f 1171/1201/1171 1186/1216/1186 1187/1217/1187 1172/1202/1172
f 1172/1202/1172 1187/1217/1187 1188/1218/1188 1173/1203/1173
f 1173/1203/1173 1188/1218/1188 1189/1219/1189 1174/1204/1174
f 1174/1204/1174 1189/1219/1189 1190/1220/1190 1175/1205/1175
f 1175/1205/1175 1190/1220/1190 1191/1221/1191 1176/1206/1176
f 1176/1206/1176 1191/1221/1191 1192/1222/1192 1177/1207/1177
f 1177/1207/1177 1192/1222/1192 1193/1110/1193 1178/1109/1178
f 62/1208/62 61/1223/61 1194/1224/1194 1179/1209/1179
f 1179/1209/1179 1194/1224/1194 1195/1225/1195 1180/1210/1180
f 1180/1210/1180 1195/1225/1195 1196/1226/1196 1181/1211/1181
f 1181/1211/1181 1196/1226/1196 1197/1227/1197 1182/1212/1182
f 1182/1212/1182 1197/1227/1197 1198/1228/1198 1183/1213/1183
f 1183/1213/1183 1198/1228/1198 1199/1229/1199 1184/1214/1184
f 1184/1214/1184 1199/1229/1199 1200/1230/1200 1185/1215/1185
f 1185/1215/1185 1200/1230/1200 1201/1231/1201 1186/1216/1186
f 1186/1216/1186 1201/1231/1201 1202/1232/1202 1187/1217/1187
f 1187/1217/1187 1202/1232/1202 1203/1233/1203 1188/1218/1188
f 1188/1218/1188 1203/1233/1203 1204/1234/1204 1189/1219/1189
f 1189/1219/1189 1204/1234/1204 1205/1235/1205 1190/1220/1190
f 1190/1220/1190 1205/1235/1205 1206/1236/1206 1191/1221/1191
f 1191/1221/1191 1206/1236/1206 1207/1237/1207 1192/1222/1192
f 1192/1222/1192 1207/1237/1207 1208/1111/1208 1193/1110/1193
f 61/1223/61 60/1238/60 1209/1239/1209 1194/1224/1194
f 1194/1224/1194 1209/1239/1209 1210/1240/1210 1195/1225/1195
f 1195/1225/1195 1210/1240/1210 1211/1241/1211 1196/1226/1196
f 1196/1226/1196 1211/1241/1211 1212/1242/1212 1197/1227/1197
f 1197/1227/1197 1212/1242/1212 1213/1243/1213 1198/1228/1198
f 1198/1228/1198 1213/1243/1213 1214/1244/1214 1199/1229/1199
f 1199/1229/1199 1214/1244/1214 1215/1245/1215 1200/1230/1200
f 1200/1230/1200 1215/1245/1215 1216/1246/1216 1201/1231/1201
f 1201/1231/1201 1216/1246/1216 1217/1247/1217 1202/1232/1202
f 1202/1232/1202 1217/1247/1217 1218/1248/1218 1203/1233/1203
f 1203/1233/1203 1218/1248/1218 1219/1249/1219 1204/1234/1204
f 1204/1234/1204 1219/1249/1219 1220/1250/1220 1205/1235/1205
f 1205/1235/1205 1220/1250/1220 1221/1251/1221 1206/1236/1206
f 1206/1236/1206 1221/1251/1221 1222/1252/1222 1207/1237/1207
f 1207/1237/1207 1222/1252/1222 1223/1112/1223 1208/1111/1208
f 60/1238/60 59/1253/59 1224/1254/1224 1209/1239/1209
f 1209/1239/1209 1224/1254/1224 1225/1255/1225 1210/1240/1210
f 1210/1240/1210 1225/1255/1225 1226/1256/1226 1211/1241/1211
f 1211/1241/1211 1226/1256/1226 1227/1257/1227 1212/1242/1212
f 1212/1242/1212 1227/1257/1227 1228/1258/1228 1213/1243/1213
f 1213/1243/1213 1228/1258/1228 1229/1259/1229 1214/1244/1214
f 1214/1244/1214 1229/1259/1229 1230/1260/1230 1215/1245/1215
f 1215/1245/1215 1230/1260/1230 1231/1261/1231 1216/1246/1216
f 1216/1246/1216 1231/1261/1231 1232/1262/1232 1217/1247/1217
f 1217/1247/1217 1232/1262/1232 1233/1263/1233 1218/1248/1218
f 1218/1248/1218 1233/1263/1233 1234/1264/1234 1219/1249/1219
f 1219/1249/1219 1234/1264/1234 1235/1265/1235 1220/1250/1220
f 1220/1250/1220 1235/1265/1235 1236/1266/1236 1221/1251/1221
f 1221/1251/1221 1236/1266/1236 1237/1267/1237 1222/1252/1222
f 1222/1252/1222 1237/1267/1237 1238/1113/1238 1223/1112/1223
f 59/1253/59 58/1268/58 1239/1269/1239 1224/1254/1224
f 1224/1254/1224 1239/1269/1239 1240/1270/1240 1225/1255/1225
f 1225/1255/1225 1240/1270/1240 1241/1271/1241 1226/1256/1226
f 1226/1256/1226 1241/1271/1241 1242/1272/1242 1227/1257/1227
f 1227/1257/1227 1242/1272/1242 1243/1273/1243 1228/1258/1228
f 1228/1258/1228 1243/1273/1243 1244/1274/1244 1229/1259/1229
f 1229/1259/1229 1244/1274/1244 1245/1275/1245 1230/1260/1230
f 1230/1260/1230 1245/1275/1245 1246/1276/1246 1231/1261/1231
f 1231/1261/1231 1246/1276/1246 1247/1277/1247 1232/1262/1232
f 1232/1262/1232 1247/1277/1247 1248/1278/1248 1233/1263/1233
f 1233/1263/1233 1248/1278/1248 1249/1279/1249 1234/1264/1234
f 1234/1264/1234 1249/1279/1249 1250/1280/1250 1235/1265/1235
f 1235/1265/1235 1250/1280/1250 1251/1281/1251 1236/1266/1236
f 1236/1266/1236 1251/1281/1251 1252/1282/1252 1237/1267/1237
f 1237/1267/1237 1252/1282/1252 1253/1114/1253 1238/1113/1238
f 58/1268/58 57/1283/57 1254/1284/1254 1239/1269/1239
f 1239/1269/1239 1254/1284/1254 1255/1285/1255 1240/1270/1240
f 1240/1270/1240 1255/1285/1255 1256/1286/1256 1241/1271/1241
f 1241/1271/1241 1256/1286/1256 1257/1287/1257 1242/1272/1242
f 1242/1272/1242 1257/1287/1257 1258/1288/1258 1243/1273/1243
f 1243/1273/1243 1258/1288/1258 1259/1289/1259 1244/1274/1244
f 1244/1274/1244 1259/1289/1259 1260/1290/1260 1245/1275/1245
f 1245/1275/1245 1260/1290/1260 1261/1291/1261 1246/1276/1246
f 1246/1276/1246 1261/1291/1261 1262/1292/1262 1247/1277/1247
f 1247/1277/1247 1262/1292/1262 1263/1293/1263 1248/1278/1248
f 1248/1278/1248 1263/1293/1263 1264/1294/1264 1249/1279/1249
f 1249/1279/1249 1264/1294/1264 1265/1295/1265 1250/1280/1250
f 1250/1280/1250 1265/1295/1265 1266/1296/1266 1251/1281/1251
f 1251/1281/1251 1266/1296/1266 1267/1297/1267 1252/1282/1252
f 1252/1282/1252 1267/1297/1267 1268/1115/1268 1253/1114/1253
f 57/1283/57 56/1298/56 1269/1299/1269 1254/1284/1254
f 1254/1284/1254 1269/1299/1269 1270/1300/1270 1255/1285/1255
f 1255/1285/1255 1270/1300/1270 1271/1301/1271 1256/1286/1256
f 1256/1286/1256 1271/1301/1271 1272/1302/1272 1257/1287/1257
f 1257/1287/1257 1272/1302/1272 1273/1303/1273 1258/1288/1258
f 1258/1288/1258 1273/1303/1273 1274/1304/1274 1259/1289/1259
f 1259/1289/1259 1274/1304/1274 1275/1305/1275 1260/1290/1260
f 1260/1290/1260 1275/1305/1275 1276/1306/1276 1261/1291/1261
f 1261/1291/1261 1276/1306/1276 1277/1307/1277 1262/1292/1262
f 1262/1292/1262 1277/1307/1277 1278/1308/1278 1263/1293/1263
f 1263/1293/1263 1278/1308/1278 1279/1309/1279 1264/1294/1264
f 1264/1294/1264 1279/1309/1279 1280/1310/1280 1265/1295/1265
f 1265/1295/1265 1280/1310/1280 1281/1311/1281 1266/1296/1266
f 1266/1296/1266 1281/1311/1281 1282/1312/1282 1267/1297/1267
f 1267/1297/1267 1282/1312/1282 1283/1116/1283 1268/1115/1268
f 56/1298/56 55/1313/55 1284/1314/1284 1269/1299/1269
f 1269/1299/1269 1284/1314/1284 1285/1315/1285 1270/1300/1270
f 1270/1300/1270 1285/1315/1285 1286/1316/1286 1271/1301/1271
f 1271/1301/1271 1286/1316/1286 1287/1317/1287 1272/1302/1272
f 1272/1302/1272 1287/1317/1287 1288/1318/1288 1273/1303/1273
f 1273/1303/1273 1288/1318/1288 1289/1319/1289 1274/1304/1274
f 1274/1304/1274 1289/1319/1289 1290/1320/1290 1275/1305/1275
f 1275/1305/1275 1290/1320/1290 1291/1321/1291 1276/1306/1276
f 1276/1306/1276 1291/1321/1291 1292/1322/1292 1277/1307/1277
f 1277/1307/1277 1292/1322/1292 1293/1323/1293 1278/1308/1278
f 1278/1308/1278 1293/1323/1293 1294/1324/1294 1279/1309/1279
f 1279/1309/1279 1294/1324/1294 1295/1325/1295 1280/1310/1280
f 1280/1310/1280 1295/1325/1295 1296/1326/1296 1281/1311/1281
f 1281/1311/1281 1296/1326/1296 1297/1327/1297 1282/1312/1282
f 1282/1312/1282 1297/1327/1297 1298/1117/1298 1283/1116/1283
f 55/1313/55 54/4/54 1299/1328/1299 1284/1314/1284
f 1284/1314/1284 1299/1328/1299 1300/1329/1300 1285/1315/1285
f 1285/1315/1285 1300/1329/1300 1301/1330/1301 1286/1316/1286
f 1286/1316/1286 1301/1330/1301 1302/1331/1302 1287/1317/1287
f 1287/1317/1287 1302/1331/1302 1303/1332/1303 1288/1318/1288
f 1288/1318/1288 1303/1332/1303 1304/1333/1304 1289/1319/1289
f 1289/1319/1289 1304/1333/1304 1305/1334/1305 1290/1320/1290
f 1290/1320/1290 1305/1334/1305 1306/1335/1306 1291/1321/1291
f 1291/1321/1291 1306/1335/1306 1307/1336/1307 1292/1322/1292
f 1292/1322/1292 1307/1336/1307 1308/1337/1308 1293/1323/1293
f 1293/1323/1293 1308/1337/1308 1309/1338/1309 1294/1324/1294
f 1294/1324/1294 1309/1338/1309 1310/1339/1310 1295/1325/1295
f 1295/1325/1295 1310/1339/1310 1311/1340/1311 1296/1326/1296
f 1296/1326/1296 1311/1340/1311 1312/1341/1312 1297/1327/1297
f 1297/1327/1297 1312/1341/1312 1313/5/1313 1298/1117/1298
f 54/4/54 4/3/4 84/279/84 1299/1328/1299
f 1299/1328/1299 84/279/84 85/263/85 1300/1329/1300
f 1300/1329/1300 85/263/85 86/246/86 1301/1330/1301
f 1301/1330/1301 86/246/86 87/229/87 1302/1331/1302
f 1302/1331/1302 87/229/87 88/214/88 1303/1332/1303
f 1303/1332/1303 88/214/88 89/199/89 1304/1333/1304
f 1304/1333/1304 89/199/89 90/184/90 1305/1334/1305
f 1305/1334/1305 90/184/90 91/169/91 1306/1335/1306
f 1306/1335/1306 91/169/91 92/154/92 1307/1336/1307
f 1307/1336/1307 92/154/92 93/139/93 1308/1337/1308
f 1308/1337/1308 93/139/93 94/124/94 1309/1338/1309
f 1309/1338/1309 94/124/94 95/109/95 1310/1339/1310
f 1310/1339/1310 95/109/95 96/94/96 1311/1340/1311
f 1311/1340/1311 96/94/96 97/79/97 1312/1341/1312
f 1312/1341/1312 97/79/97 98/6/98 1313/5/1313
f 9/344/9 1328/1342/1328 68/1118/68 3/341/3
f 1328/1342/1328 1343/1343/1343 67/1133/67 68/1118/68
f 1343/1343/1343 1358/1344/1358 66/1148/66 67/1133/67
f 1358/1344/1358 1373/1345/1373 65/1163/65 66/1148/66
f 1373/1345/1373 1388/1346/1388 64/1178/64 65/1163/65
f 1388/1346/1388 1403/1347/1403 63/1193/63 64/1178/64
f 1403/1347/1403 1418/1348/1418 62/1208/62 63/1193/63
f 1418/1348/1418 1433/1349/1433 61/1223/61 62/1208/62
f 1433/1349/1433 1448/1350/1448 60/1238/60 61/1223/61
f 1448/1350/1448 1463/1351/1463 59/1253/59 60/1238/60
f 1463/1351/1463 1478/1352/1478 58/1268/58 59/1253/59
f 1478/1352/1478 1493/1353/1493 57/1283/57 58/1268/58
f 1493/1353/1493 1508/1354/1508 56/1298/56 57/1283/57
f 1508/1354/1508 1523/1355/1523 55/1313/55 56/1298/56
f 1523/1355/1523 1538/1/1538 54/4/54 55/1313/55
f 1/314/1 24/615/24 1314/1356/1314 23/311/23
f 23/311/23 1314/1356/1314 1315/1357/1315 22/372/22
f 22/372/22 1315/1357/1315 1316/1358/1316 21/370/21
f 21/370/21 1316/1358/1316 1317/1359/1317 20/368/20
f 20/368/20 1317/1359/1317 1318/1360/1318 19/366/19
f 19/366/19 1318/1360/1318 1319/1361/1319 18/364/18
f 18/364/18 1319/1361/1319 1320/1362/1320 17/362/17
f 17/362/17 1320/1362/1320 1321/1363/1321 16/360/16
f 16/360/16 1321/1363/1321 1322/1364/1322 15/358/15
f 15/358/15 1322/1364/1322 1323/1365/1323 14/356/14
f 14/356/14 1323/1365/1323 1324/1366/1324 13/354/13
f 13/354/13 1324/1366/1324 1325/1367/1325 12/351/12
f 12/350/12 1325/1368/1325 1326/1369/1326 11/348/11
f 11/348/11 1326/1369/1326 1327/1370/1327 10/346/10
f 10/346/10 1327/1370/1327 1328/1342/1328 9/344/9
f 24/615/24 25/617/25 1329/1371/1329 1314/1356/1314
f 1314/1356/1314 1329/1371/1329 1330/1372/1330 1315/1357/1315
f 1315/1357/1315 1330/1372/1330 1331/1373/1331 1316/1358/1316
f 1316/1358/1316 1331/1373/1331 1332/1374/1332 1317/1359/1317
f 1317/1359/1317 1332/1374/1332 1333/1375/1333 1318/1360/1318
f 1318/1360/1318 1333/1375/1333 1334/1376/1334 1319/1361/1319
f 1319/1361/1319 1334/1376/1334 1335/1377/1335 1320/1362/1320
f 1320/1362/1320 1335/1377/1335 1336/1378/1336 1321/1363/1321
f 1321/1363/1321 1336/1378/1336 1337/1379/1337 1322/1364/1322
f 1322/1364/1322 1337/1379/1337 1338/1380/1338 1323/1365/1323
f 1323/1365/1323 1338/1380/1338 1339/1381/1339 1324/1366/1324
f 1324/1366/1324 1339/1381/1339 1340/1382/1340 1325/1367/1325
f 1325/1368/1325 1340/1383/1340 1341/1384/1341 1326/1369/1326
f 1326/1369/1326 1341/1384/1341 1342/1385/1342 1327/1370/1327
f 1327/1370/1327 1342/1385/1342 1343/1343/1343 1328/1342/1328
f 25/617/25 26/619/26 1344/1386/1344 1329/1371/1329
f 1329/1371/1329 1344/1386/1344 1345/1387/1345 1330/1372/1330
f 1330/1372/1330 1345/1387/1345 1346/1388/1346 1331/1373/1331
f 1331/1373/1331 1346/1388/1346 1347/1389/1347 1332/1374/1332
f 1332/1374/1332 1347/1389/1347 1348/1390/1348 1333/1375/1333
f 1333/1375/1333 1348/1390/1348 1349/1391/1349 1334/1376/1334
f 1334/1376/1334 1349/1391/1349 1350/1392/1350 1335/1377/1335
f 1335/1377/1335 1350/1392/1350 1351/1393/1351 1336/1378/1336
f 1336/1378/1336 1351/1393/1351 1352/1394/1352 1337/1379/1337
f 1337/1379/1337 1352/1394/1352 1353/1395/1353 1338/1380/1338
f 1338/1380/1338 1353/1395/1353 1354/1396/1354 1339/1381/1339
f 1339/1381/1339 1354/1396/1354 1355/1397/1355 1340/1382/1340
f 1340/1383/1340 1355/1398/1355 1356/1399/1356 1341/1384/1341
f 1341/1384/1341 1356/1399/1356 1357/1400/1357 1342/1385/1342
f 1342/1385/1342 1357/1400/1357 1358/1344/1358 1343/1343/1343
f 26/619/26 27/621/27 1359/1401/1359 1344/1386/1344
f 1344/1386/1344 1359/1401/1359 1360/1402/1360 1345/1387/1345
f 1345/1387/1345 1360/1402/1360 1361/1403/1361 1346/1388/1346
f 1346/1388/1346 1361/1403/1361 1362/1404/1362 1347/1389/1347
f 1347/1389/1347 1362/1404/1362 1363/1405/1363 1348/1390/1348
f 1348/1390/1348 1363/1405/1363 1364/1406/1364 1349/1391/1349
f 1349/1391/1349 1364/1406/1364 1365/1407/1365 1350/1392/1350
f 1350/1392/1350 1365/1407/1365 1366/1408/1366 1351/1393/1351
f 1351/1393/1351 1366/1408/1366 1367/1409/1367 1352/1394/1352
f 1352/1394/1352 1367/1409/1367 1368/1410/1368 1353/1395/1353
f 1353/1395/1353 1368/1410/1368 1369/1411/1369 1354/1396/1354
f 1354/1396/1354 1369/1411/1369 1370/1412/1370 1355/1397/1355
f 1355/1398/1355 1370/1413/1370 1371/1414/1371 1356/1399/1356
f 1356/1399/1356 1371/1414/1371 1372/1415/1372 1357/1400/1357
f 1357/1400/1357 1372/1415/1372 1373/1345/1373 1358/1344/1358
f 27/621/27 28/623/28 1374/1416/1374 1359/1401/1359
f 1359/1401/1359 1374/1416/1374 1375/1417/1375 1360/1402/1360
f 1360/1402/1360 1375/1417/1375 1376/1418/1376 1361/1403/1361
f 1361/1403/1361 1376/1418/1376 1377/1419/1377 1362/1404/1362
f 1362/1404/1362 1377/1419/1377 1378/1420/1378 1363/1405/1363
f 1363/1405/1363 1378/1420/1378 1379/1421/1379 1364/1406/1364
f 1364/1406/1364 1379/1421/1379 1380/1422/1380 1365/1407/1365
f 1365/1407/1365 1380/1422/1380 1381/1423/1381 1366/1408/1366
f 1366/1408/1366 1381/1423/1381 1382/1424/1382 1367/1409/1367
f 1367/1409/1367 1382/1424/1382 1383/1425/1383 1368/1410/1368
f 1368/1410/1368 1383/1425/1383 1384/1426/1384 1369/1411/1369
f 1369/1411/1369 1384/1426/1384 1385/1427/1385 1370/1412/1370
f 1370/1413/1370 1385/1428/1385 1386/1429/1386 1371/1414/1371
f 1371/1414/1371 1386/1429/1386 1387/1430/1387 1372/1415/1372
f 1372/1415/1372 1387/1430/1387 1388/1346/1388 1373/1345/1373
f 28/623/28 29/625/29 1389/1431/1389 1374/1416/1374
f 1374/1416/1374 1389/1431/1389 1390/1432/1390 1375/1417/1375
f 1375/1417/1375 1390/1432/1390 1391/1433/1391 1376/1418/1376
f 1376/1418/1376 1391/1433/1391 1392/1434/1392 1377/1419/1377
f 1377/1419/1377 1392/1434/1392 1393/1435/1393 1378/1420/1378
f 1378/1420/1378 1393/1435/1393 1394/1436/1394 1379/1421/1379
f 1379/1421/1379 1394/1436/1394 1395/1437/1395 1380/1422/1380
f 1380/1422/1380 1395/1437/1395 1396/1438/1396 1381/1423/1381
f 1381/1423/1381 1396/1438/1396 1397/1439/1397 1382/1424/1382
f 1382/1424/1382 1397/1439/1397 1398/1440/1398 1383/1425/1383
f 1383/1425/1383 1398/1440/1398 1399/1441/1399 1384/1426/1384
f 1384/1426/1384 1399/1441/1399 1400/1442/1400 1385/1427/1385
f 1385/1428/1385 1400/1443/1400 1401/1444/1401 1386/1429/1386
f 1386/1429/1386 1401/1444/1401 1402/1445/1402 1387/1430/1387
f 1387/1430/1387 1402/1445/1402 1403/1347/1403 1388/1346/1388
f 29/625/29 30/627/30 1404/1446/1404 1389/1431/1389
f 1389/1431/1389 1404/1446/1404 1405/1447/1405 1390/1432/1390
f 1390/1432/1390 1405/1447/1405 1406/1448/1406 1391/1433/1391
f 1391/1433/1391 1406/1448/1406 1407/1449/1407 1392/1434/1392
f 1392/1434/1392 1407/1449/1407 1408/1450/1408 1393/1435/1393
f 1393/1435/1393 1408/1450/1408 1409/1451/1409 1394/1436/1394
f 1394/1436/1394 1409/1451/1409 1410/1452/1410 1395/1437/1395
f 1395/1437/1395 1410/1452/1410 1411/1453/1411 1396/1438/1396
f 1396/1438/1396 1411/1453/1411 1412/1454/1412 1397/1439/1397
f 1397/1439/1397 1412/1454/1412 1413/1455/1413 1398/1440/1398
f 1398/1440/1398 1413/1455/1413 1414/1456/1414 1399/1441/1399
f 1399/1441/1399 1414/1456/1414 1415/1457/1415 1400/1442/1400
f 1400/1443/1400 1415/1458/1415 1416/1459/1416 1401/1444/1401
f 1401/1444/1401 1416/1459/1416 1417/1460/1417 1402/1445/1402
f 1402/1445/1402 1417/1460/1417 1418/1348/1418 1403/1347/1403
f 30/627/30 31/629/31 1419/1461/1419 1404/1446/1404
f 1404/1446/1404 1419/1461/1419 1420/1462/1420 1405/1447/1405
f 1405/1447/1405 1420/1462/1420 1421/1463/1421 1406/1448/1406
f 1406/1448/1406 1421/1463/1421 1422/1464/1422 1407/1449/1407
f 1407/1449/1407 1422/1464/1422 1423/1465/1423 1408/1450/1408
f 1408/1450/1408 1423/1465/1423 1424/1466/1424 1409/1451/1409
f 1409/1451/1409 1424/1466/1424 1425/1467/1425 1410/1452/1410
f 1410/1452/1410 1425/1467/1425 1426/1468/1426 1411/1453/1411
f 1411/1453/1411 1426/1468/1426 1427/1469/1427 1412/1454/1412
f 1412/1454/1412 1427/1469/1427 1428/1470/1428 1413/1455/1413
f 1413/1455/1413 1428/1470/1428 1429/1471/1429 1414/1456/1414
f 1414/1456/1414 1429/1471/1429 1430/1472/1430 1415/1457/1415
f 1415/1458/1415 1430/1473/1430 1431/1474/1431 1416/1459/1416
f 1416/1459/1416 1431/1474/1431 1432/1475/1432 1417/1460/1417
f 1417/1460/1417 1432/1475/1432 1433/1349/1433 1418/1348/1418
f 31/629/31 32/631/32 1434/1476/1434 1419/1461/1419
f 1419/1461/1419 1434/1476/1434 1435/1477/1435 1420/1462/1420
f 1420/1462/1420 1435/1477/1435 1436/1478/1436 1421/1463/1421
f 1421/1463/1421 1436/1478/1436 1437/1479/1437 1422/1464/1422
f 1422/1464/1422 1437/1479/1437 1438/1480/1438 1423/1465/1423
f 1423/1465/1423 1438/1480/1438 1439/1481/1439 1424/1466/1424
f 1424/1466/1424 1439/1481/1439 1440/1482/1440 1425/1467/1425
f 1425/1467/1425 1440/1482/1440 1441/1483/1441 1426/1468/1426
f 1426/1468/1426 1441/1483/1441 1442/1484/1442 1427/1469/1427
f 1427/1469/1427 1442/1484/1442 1443/1485/1443 1428/1470/1428
f 1428/1470/1428 1443/1485/1443 1444/1486/1444 1429/1471/1429
f 1429/1471/1429 1444/1486/1444 1445/1487/1445 1430/1472/1430
f 1430/1473/1430 1445/1488/1445 1446/1489/1446 1431/1474/1431
f 1431/1474/1431 1446/1489/1446 1447/1490/1447 1432/1475/1432
f 1432/1475/1432 1447/1490/1447 1448/1350/1448 1433/1349/1433
f 32/631/32 33/633/33 1449/1491/1449 1434/1476/1434
f 1434/1476/1434 1449/1491/1449 1450/1492/1450 1435/1477/1435
f 1435/1477/1435 1450/1492/1450 1451/1493/1451 1436/1478/1436
f 1436/1478/1436 1451/1493/1451 1452/1494/1452 1437/1479/1437
f 1437/1479/1437 1452/1494/1452 1453/1495/1453 1438/1480/1438
f 1438/1480/1438 1453/1495/1453 1454/1496/1454 1439/1481/1439
f 1439/1481/1439 1454/1496/1454 1455/1497/1455 1440/1482/1440
f 1440/1482/1440 1455/1497/1455 1456/1498/1456 1441/1483/1441
f 1441/1483/1441 1456/1498/1456 1457/1499/1457 1442/1484/1442
f 1442/1484/1442 1457/1499/1457 1458/1500/1458 1443/1485/1443
f 1443/1485/1443 1458/1500/1458 1459/1501/1459 1444/1486/1444
f 1444/1486/1444 1459/1501/1459 1460/1502/1460 1445/1487/1445
f 1445/1488/1445 1460/1503/1460 1461/1504/1461 1446/1489/1446
f 1446/1489/1446 1461/1504/1461 1462/1505/1462 1447/1490/1447
f 1447/1490/1447 1462/1505/1462 1463/1351/1463 1448/1350/1448
f 33/633/33 34/635/34 1464/1506/1464 1449/1491/1449
f 1449/1491/1449 1464/1506/1464 1465/1507/1465 1450/1492/1450
f 1450/1492/1450 1465/1507/1465 1466/1508/1466 1451/1493/1451
f 1451/1493/1451 1466/1508/1466 1467/1509/1467 1452/1494/1452
f 1452/1494/1452 1467/1509/1467 1468/1510/1468 1453/1495/1453
f 1453/1495/1453 1468/1510/1468 1469/1511/1469 1454/1496/1454
f 1454/1496/1454 1469/1511/1469 1470/1512/1470 1455/1497/1455
f 1455/1497/1455 1470/1512/1470 1471/1513/1471 1456/1498/1456
f 1456/1498/1456 1471/1513/1471 1472/1514/1472 1457/1499/1457
f 1457/1499/1457 1472/1514/1472 1473/1515/1473 1458/1500/1458
f 1458/1500/1458 1473/1515/1473 1474/1516/1474 1459/1501/1459
f 1459/1501/1459 1474/1516/1474 1475/1517/1475 1460/1502/1460
f 1460/1503/1460 1475/1518/1475 1476/1519/1476 1461/1504/1461
f 1461/1504/1461 1476/1519/1476 1477/1520/1477 1462/1505/1462
f 1462/1505/1462 1477/1520/1477 1478/1352/1478 1463/1351/1463
f 34/635/34 35/637/35 1479/1521/1479 1464/1506/1464
f 1464/1506/1464 1479/1521/1479 1480/1522/1480 1465/1507/1465
f 1465/1507/1465 1480/1522/1480 1481/1523/1481 1466/1508/1466
f 1466/1508/1466 1481/1523/1481 1482/1524/1482 1467/1509/1467
f 1467/1509/1467 1482/1524/1482 1483/1525/1483 1468/1510/1468
f 1468/1510/1468 1483/1525/1483 1484/1526/1484 1469/1511/1469
f 1469/1511/1469 1484/1526/1484 1485/1527/1485 1470/1512/1470
f 1470/1512/1470 1485/1527/1485 1486/1528/1486 1471/1513/1471
f 1471/1513/1471 1486/1528/1486 1487/1529/1487 1472/1514/1472
f 1472/1514/1472 1487/1529/1487 1488/1530/1488 1473/1515/1473
f 1473/1515/1473 1488/1530/1488 1489/1531/1489 1474/1516/1474
f 1474/1516/1474 1489/1531/1489 1490/1532/1490 1475/1517/1475
f 1475/1518/1475 1490/1533/1490 1491/1534/1491 1476/1519/1476
f 1476/1519/1476 1491/1534/1491 1492/1535/1492 1477/1520/1477
f 1477/1520/1477 1492/1535/1492 1493/1353/1493 1478/1352/1478
f 35/637/35 36/639/36 1494/1536/1494 1479/1521/1479
f 1479/1521/1479 1494/1536/1494 1495/1537/1495 1480/1522/1480
f 1480/1522/1480 1495/1537/1495 1496/1538/1496 1481/1523/1481
f 1481/1523/1481 1496/1538/1496 1497/1539/1497 1482/1524/1482
f 1482/1524/1482 1497/1539/1497 1498/1540/1498 1483/1525/1483
f 1483/1525/1483 1498/1540/1498 1499/1541/1499 1484/1526/1484
f 1484/1526/1484 1499/1541/1499 1500/1542/1500 1485/1527/1485
f 1485/1527/1485 1500/1542/1500 1501/1543/1501 1486/1528/1486
f 1486/1528/1486 1501/1543/1501 1502/1544/1502 1487/1529/1487
f 1487/1529/1487 1502/1544/1502 1503/1545/1503 1488/1530/1488
f 1488/1530/1488 1503/1545/1503 1504/1546/1504 1489/1531/1489
f 1489/1531/1489 1504/1546/1504 1505/1547/1505 1490/1532/1490
f 1490/1533/1490 1505/1548/1505 1506/1549/1506 1491/1534/1491
f 1491/1534/1491 1506/1549/1506 1507/1550/1507 1492/1535/1492
f 1492/1535/1492 1507/1550/1507 1508/1354/1508 1493/1353/1493
f 36/639/36 37/641/37 1509/1551/1509 1494/1536/1494
f 1494/1536/1494 1509/1551/1509 1510/1552/1510 1495/1537/1495
f 1495/1537/1495 1510/1552/1510 1511/1553/1511 1496/1538/1496
f 1496/1538/1496 1511/1553/1511 1512/1554/1512 1497/1539/1497
f 1497/1539/1497 1512/1554/1512 1513/1555/1513 1498/1540/1498
f 1498/1540/1498 1513/1555/1513 1514/1556/1514 1499/1541/1499
f 1499/1541/1499 1514/1556/1514 1515/1557/1515 1500/1542/1500
f 1500/1542/1500 1515/1557/1515 1516/1558/1516 1501/1543/1501
f 1501/1543/1501 1516/1558/1516 1517/1559/1517 1502/1544/1502
f 1502/1544/1502 1517/1559/1517 1518/1560/1518 1503/1545/1503
f 1503/1545/1503 1518/1560/1518 1519/1561/1519 1504/1546/1504
f 1504/1546/1504 1519/1561/1519 1520/1562/1520 1505/1547/1505
f 1505/1548/1505 1520/1563/1520 1521/1564/1521 1506/1549/1506
f 1506/1549/1506 1521/1564/1521 1522/1565/1522 1507/1550/1507
f 1507/1550/1507 1522/1565/1522 1523/1355/1523 1508/1354/1508
f 37/641/37 38/16/38 1524/1566/1524 1509/1551/1509
f 1509/1551/1509 1524/1566/1524 1525/1567/1525 1510/1552/1510
f 1510/1552/1510 1525/1567/1525 1526/1568/1526 1511/1553/1511
f 1511/1553/1511 1526/1568/1526 1527/1569/1527 1512/1554/1512
f 1512/1554/1512 1527/1569/1527 1528/1570/1528 1513/1555/1513
f 1513/1555/1513 1528/1570/1528 1529/1571/1529 1514/1556/1514
f 1514/1556/1514 1529/1571/1529 1530/1572/1530 1515/1557/1515
f 1515/1557/1515 1530/1572/1530 1531/1573/1531 1516/1558/1516
f 1516/1558/1516 1531/1573/1531 1532/1574/1532 1517/1559/1517
f 1517/1559/1517 1532/1574/1532 1533/1575/1533 1518/1560/1518
f 1518/1560/1518 1533/1575/1533 1534/1576/1534 1519/1561/1519
f 1519/1561/1519 1534/1576/1534 1535/1577/1535 1520/1562/1520
f 1520/1563/1520 1535/1578/1535 1536/1579/1536 1521/1564/1521
f 1521/1564/1521 1536/1579/1536 1537/1580/1537 1522/1565/1522
f 1522/1565/1522 1537/1580/1537 1538/1/1538 1523/1355/1523
f 38/16/38 2/15/2 39/22/39 1524/1566/1524
f 1524/1566/1524 39/22/39 40/310/40 1525/1567/1525
f 1525/1567/1525 40/310/40 41/309/41 1526/1568/1526
f 1526/1568/1526 41/309/41 42/308/42 1527/1569/1527
f 1527/1569/1527 42/308/42 43/307/43 1528/1570/1528
f 1528/1570/1528 43/307/43 44/306/44 1529/1571/1529
f 1529/1571/1529 44/306/44 45/305/45 1530/1572/1530
f 1530/1572/1530 45/305/45 46/304/46 1531/1573/1531
f 1531/1573/1531 46/304/46 47/303/47 1532/1574/1532
f 1532/1574/1532 47/303/47 48/302/48 1533/1575/1533
f 1533/1575/1533 48/302/48 49/301/49 1534/1576/1534
f 1534/1576/1534 49/301/49 50/300/50 1535/1577/1535
f 1535/1578/1535 50/298/50 51/297/51 1536/1579/1536
f 1536/1579/1536 51/297/51 52/296/52 1537/1580/1537
f 1537/1580/1537 52/296/52 53/2/53 1538/1/1538
